Transaction ID,Filtered Transaction
Tran2021,"Keyboard ,  Keyboard ,  Keyboard "
Tran2022,"Smartwatch,  Smartwatch"
Tran2023,"External Hard Drive,  External Hard Drive,  External Hard Drive"
Tran2024,"Speakers ,  Printer ,  External Hard Drive ,  Printer "
Tran2025,"Router ,  Charger ,  Charger "
Tran2026,"Router ,  Charger ,  Charger "
Tran2027,"Smartwatch ,  Printer ,  Speakers "
Tran2028,"Speakers ,  Printer ,  External Hard Drive ,  Printer "
Tran2029,"Keyboard ,  Router ,  Charger,  Charger,  Router "
Tran2030,"Smartwatch ,  Router ,  Router "
Tran2031,"Speakers ,  Printer ,  External Hard Drive ,  Printer ,  Speakers "
Tran2032,"Keyboard ,  Router ,  Charger,  Charger"
Tran2033,"Router ,  Speakers ,  Printer,  Printer"
Tran2034,"External Hard Drive ,  Charger"
Tran2035,"Keyboard,  Keyboard"
Tran2036,"External Hard Drive ,  Charger"
Tran2037,"Router ,  Speakers ,  Printer,  Printer,  Printer"
Tran2038," Router ,  Smartwatch,  Smartwatch"
Tran2039," Router ,  Smartwatch,  Smartwatch"
Tran2040,"External Hard Drive ,  Charger"
Tran2041,"Keyboard,  Keyboard"
Tran2043,"Keyboard ,  Router ,  Charger,  Charger"
Tran2044,"Keyboard,  Keyboard"
Tran2045,"External Hard Drive,  External Hard Drive"
Tran2047,"Router ,  Charger ,  Charger "
Tran2049," Router ,  Smartwatch,  Smartwatch"
Tran2050,"Speakers ,  Charger ,  Charger "
Tran2051,"Smartwatch ,  Printer ,  Speakers "
Tran2053,"External Hard Drive ,  Charger"
Tran2054,"Speakers ,  Printer ,  External Hard Drive ,  Printer "
Tran2056,"Smartwatch ,  Printer ,  Speakers "
Tran2057,"Keyboard,  Keyboard"
Tran2058," Router ,  Smartwatch,  Smartwatch"
Tran2059,"Speakers ,  Charger ,  Charger ,  Charger "
Tran2060,"External Hard Drive ,  Charger"
Tran2063,"Smartphone ,  Smartphone "
Tran2064,"Speakers ,  Charger ,  Charger "
Tran2065,"Keyboard ,  Router ,  Charger,  Charger"
Tran2066," Router ,  Smartwatch,  Smartwatch"
Tran2067," Smartwatch ,  External Hard Drive ,  Printer ,  Keyboard,  Keyboard"
Tran2070,"Speakers ,  Charger ,  Charger "
Tran2071,"Router ,  Speakers ,  Printer,  Printer,  Speakers "
Tran2073,"Smartphone,  Smartphone"
Tran2074,"Router ,  Charger ,  Charger "
Tran2075,"External Hard Drive,  External Hard Drive"
Tran2076,"External Hard Drive ,  Charger"
Tran2077,"Speakers ,  Printer ,  External Hard Drive ,  Printer "
Tran2078,"Smartphone ,  Smartphone "
Tran2079,"Keyboard,  Keyboard"
Tran2080,"Smartwatch ,  Router ,  Router "
Tran2081," Smartwatch ,  External Hard Drive ,  Printer ,  Keyboard,  Keyboard,  Smartwatch "
Tran2082,"External Hard Drive ,  Charger"
Tran2084,"Speakers ,  Printer ,  External Hard Drive ,  Printer "
Tran2085,"Router ,  Speakers ,  Printer,  Printer"
Tran2086,"External Hard Drive ,  Charger"
Tran2087,"Speakers ,  Printer ,  External Hard Drive ,  Printer "
Tran2088," Router ,  Smartwatch,  Smartwatch"
Tran2089,"Keyboard ,  Keyboard "
Tran2090,"Keyboard,  Keyboard"
Tran2091,"Smartwatch,  Smartwatch"
Tran2092,"External Hard Drive ,  Charger"
Tran2094,"Speakers ,  Charger ,  Charger "
Tran2095,"Router ,  Speakers ,  Printer,  Printer"
Tran2096,"External Hard Drive ,  Charger"
Tran2097,"Smartwatch ,  Router ,  Router "
Tran2098,"Keyboard ,  Keyboard "
Tran2099,"Keyboard,  Keyboard"
Tran2100,"External Hard Drive ,  Charger"
Tran2101," Router ,  Smartwatch,  Smartwatch"
Tran2102,"Keyboard ,  Router ,  Charger,  Charger"
Tran2103,"Keyboard,  Keyboard"
Tran2104,"Smartphone,  Smartphone"
Tran2105,"Keyboard ,  Router ,  Charger,  Charger"
Tran2106,"Keyboard ,  Router ,  Charger,  Charger"
Tran2107,"Smartwatch ,  Printer ,  Speakers "
Tran2108,"Smartwatch ,  Router ,  Router ,  Router "
Tran2109,"Smartphone ,  Smartphone "
Tran2110,"Smartwatch ,  Router ,  Router "
Tran2111,"Smartwatch ,  Printer ,  Speakers "
Tran2112," Smartwatch ,  External Hard Drive ,  Printer ,  Keyboard,  Keyboard"
Tran2113," Router ,  Smartwatch,  Smartwatch"
Tran2114,"Smartphone,  Smartphone"
Tran2115,"Smartwatch,  Smartwatch"
Tran2116,"Keyboard ,  Keyboard "
Tran2117,"Smartwatch ,  Router ,  Router "
Tran2118,"Smartwatch,  Smartwatch"
Tran2119,"Smartwatch ,  Printer ,  Speakers "
Tran2120,"Keyboard ,  Router ,  Charger,  Charger"
Tran2121,"Smartwatch ,  Router ,  Router "
Tran2122,"Smartwatch ,  Router ,  Router ,  Smartwatch "
Tran2123,"Smartwatch,  Smartwatch"
Tran2124,"Speakers ,  Printer ,  External Hard Drive ,  Printer "
Tran2125,"Smartwatch ,  Router ,  Router ,  Router "
Tran2126,"Speakers ,  Charger ,  Charger ,  Charger "
Tran2127,"Smartwatch ,  Router ,  Router "
Tran2128,"External Hard Drive ,  Charger"
Tran2130,"Smartwatch ,  Printer ,  Speakers "
Tran2131,"Router ,  Speakers ,  Printer,  Printer"
Tran2132,"Router ,  Speakers ,  Printer,  Printer"
Tran2133,"Speakers ,  Charger ,  Charger "
Tran2134,"Speakers ,  Charger ,  Charger "
Tran2135,"Smartphone,  Smartphone"
Tran2136,"Smartwatch ,  Router ,  Router ,  Smartwatch "
Tran2137,"Keyboard,  Keyboard"
Tran2138,"Keyboard ,  Router ,  Charger,  Charger"
Tran2139,"Smartphone ,  Smartphone "
Tran2141,"Smartwatch ,  Router ,  Router "
Tran2142,"Keyboard ,  Keyboard "
Tran2143,"External Hard Drive ,  Charger"
Tran2144,"Keyboard ,  Router ,  Charger,  Charger"
Tran2145,"Keyboard,  Keyboard"
Tran2146,"Smartphone,  Smartphone"
Tran2147,"Smartwatch ,  Printer ,  Speakers "
Tran2148,"Router ,  Charger ,  Charger "
Tran2149,"Keyboard,  Keyboard"
Tran2150,"Keyboard ,  Router ,  Charger,  Charger"
Tran2151," Router ,  Smartwatch,  Smartwatch"
Tran2152,"Keyboard,  Keyboard"
Tran2153,"Router ,  Speakers ,  Printer,  Printer"
Tran2154,"Smartphone,  Smartphone"
Tran2155,"Keyboard ,  Router ,  Charger,  Charger"
Tran2156,"Speakers ,  Charger ,  Charger "
Tran2157,"Smartphone ,  Smartphone "
Tran2158,"Keyboard ,  Keyboard "
Tran2159,"Smartphone,  Smartphone"
Tran2161," Smartwatch ,  External Hard Drive ,  Printer ,  Keyboard,  Keyboard"
Tran2162,"Smartwatch ,  Router ,  Router "
Tran2164,"Keyboard,  Keyboard"
Tran2166,"Smartphone,  Smartphone"
Tran2168,"Keyboard ,  Router ,  Charger,  Charger"
Tran2169,"Smartwatch,  Smartwatch"
Tran2170,"External Hard Drive ,  Charger"
Tran2171,"Smartwatch,  Smartwatch"
Tran2172,"External Hard Drive,  External Hard Drive"
Tran2173,"Keyboard ,  Router ,  Charger,  Charger"
Tran2174,"Keyboard ,  Router ,  Charger,  Charger"
Tran2175,"Speakers ,  Charger ,  Charger "
Tran2176,"Keyboard ,  Keyboard "
Tran2177,"Smartwatch ,  Printer ,  Speakers "
Tran2178,"Smartwatch ,  Router ,  Router "
Tran2179,"Speakers ,  Printer ,  External Hard Drive ,  Printer "
Tran2180,"External Hard Drive,  External Hard Drive"
Tran2181,"Keyboard,  Keyboard"
Tran2182,"Smartwatch ,  Router ,  Router "
Tran2185,"Speakers ,  Printer ,  External Hard Drive ,  Printer "
Tran2186," Smartwatch ,  External Hard Drive ,  Printer ,  Keyboard,  Keyboard"
Tran2188,"External Hard Drive,  External Hard Drive"
Tran2189,"External Hard Drive,  External Hard Drive"
Tran2190,"Smartphone,  Smartphone"
Tran2191,"Smartphone,  Smartphone"
Tran2192,"Smartwatch ,  Printer ,  Speakers "
Tran2193,"Speakers ,  Charger ,  Charger "
Tran2194,"Router ,  Charger ,  Charger "
Tran2195," Router ,  Smartwatch,  Smartwatch"
Tran2196,"Keyboard,  Keyboard"
Tran2197,"Keyboard ,  Keyboard "
Tran2198,"Smartphone ,  Smartphone "
Tran2199,"Speakers ,  Printer ,  External Hard Drive ,  Printer "
Tran2200,"Smartwatch ,  Printer ,  Speakers "
Tran2201," Smartwatch ,  External Hard Drive ,  Printer ,  Keyboard,  Keyboard"
Tran2202," Smartwatch ,  External Hard Drive ,  Printer ,  Keyboard,  Keyboard"
Tran2203,"Router ,  Speakers ,  Printer,  Printer"
Tran2204,"External Hard Drive ,  Charger"
Tran2205,"Router ,  Charger ,  Charger "
Tran2206,"External Hard Drive ,  Charger"
Tran2207,"Smartphone,  Smartphone"
Tran2208,"Keyboard ,  Router ,  Charger,  Charger"
Tran2209,"Smartphone ,  Smartphone "
Tran2210,"Router ,  Charger ,  Charger "
Tran2211,"Speakers ,  Charger ,  Charger "
Tran2212,"Smartphone ,  Smartphone "
Tran2213," Smartwatch ,  External Hard Drive ,  Printer ,  Keyboard,  Keyboard"
Tran2214,"Keyboard ,  Keyboard "
Tran2215,"Keyboard,  Keyboard"
Tran2216,"Keyboard ,  Keyboard "
Tran2217,"External Hard Drive,  External Hard Drive,  External Hard Drive"
Tran2219," Router ,  Smartwatch,  Smartwatch"
Tran2221,"Keyboard ,  Router ,  Charger,  Charger,  Keyboard "
Tran2222,"Keyboard ,  Router ,  Charger,  Charger"
Tran2223,"Speakers ,  Printer ,  External Hard Drive ,  Printer "
Tran2224,"Smartwatch ,  Router ,  Router "
Tran2225,"Router ,  Charger ,  Charger "
Tran2226,"Speakers ,  Charger ,  Charger "
Tran2227,"Smartwatch ,  Router ,  Router "
Tran2228,"External Hard Drive,  External Hard Drive,  External Hard Drive"
Tran2229,"Speakers ,  Printer ,  External Hard Drive ,  Printer ,  Speakers "
Tran2230,"Keyboard ,  Keyboard "
Tran2231,"Keyboard ,  Router ,  Charger,  Charger"
Tran2232,"Smartphone,  Smartphone"
Tran2233,"Speakers ,  Printer ,  External Hard Drive ,  Printer "
Tran2234,"Router ,  Speakers ,  Printer,  Printer,  Printer"
Tran2235,"Router ,  Charger ,  Charger "
Tran2236,"Smartwatch ,  Router ,  Router "
Tran2237,"Speakers ,  Printer ,  External Hard Drive ,  Printer "
Tran2238,"Speakers ,  Printer ,  External Hard Drive ,  Printer "
Tran2239,"Keyboard,  Keyboard"
Tran2240,"Keyboard,  Keyboard"
Tran2241,"Smartwatch ,  Router ,  Router "
Tran2242,"Speakers ,  Printer ,  External Hard Drive ,  Printer "
Tran2243," Router ,  Smartwatch,  Smartwatch,  Smartwatch"
Tran2245,"Router ,  Charger ,  Charger ,  Charger "
Tran2247,"Speakers ,  Printer ,  External Hard Drive ,  Printer "
Tran2248,"Speakers ,  Printer ,  External Hard Drive ,  Printer "
Tran2249,"Speakers ,  Printer ,  External Hard Drive ,  Printer ,  Printer "
Tran2250,"Router ,  Speakers ,  Printer,  Printer"
Tran2251,"External Hard Drive,  External Hard Drive"
Tran2252," Router ,  Smartwatch,  Smartwatch"
Tran2253," Smartwatch ,  External Hard Drive ,  Printer ,  Keyboard,  Keyboard"
Tran2254,"Keyboard,  Keyboard"
Tran2255,"Smartphone ,  Smartphone "
Tran2256,"Smartwatch,  Smartwatch"
Tran2257,"Keyboard ,  Router ,  Charger,  Charger"
Tran2258,"Speakers ,  Printer ,  External Hard Drive ,  Printer "
Tran2259,"External Hard Drive ,  Charger"
Tran2260,"Router ,  Speakers ,  Printer,  Printer,  Speakers "
Tran2263,"Router ,  Speakers ,  Printer,  Printer"
Tran2264,"Router ,  Speakers ,  Printer,  Printer"
Tran2265,"Smartphone ,  Smartphone "
Tran2266,"Router ,  Charger ,  Charger "
Tran2267," Smartwatch ,  External Hard Drive ,  Printer ,  Keyboard,  Keyboard"
Tran2268,"Smartphone,  Smartphone"
Tran2269,"Keyboard ,  Keyboard ,  Keyboard "
Tran2270,"Smartwatch ,  Printer ,  Speakers "
Tran2271,"Speakers ,  Printer ,  External Hard Drive ,  Printer "
Tran2272,"Smartwatch ,  Printer ,  Speakers "
Tran2273,"External Hard Drive,  External Hard Drive"
Tran2274,"Smartphone ,  Smartphone "
Tran2275,"Speakers ,  Charger ,  Charger "
Tran2276," Router ,  Smartwatch,  Smartwatch"
Tran2277,"Keyboard ,  Router ,  Charger,  Charger"
Tran2278,"Smartphone ,  Smartphone "
Tran2280,"Router ,  Charger ,  Charger "
Tran2281,"Smartphone,  Smartphone"
Tran2282,"Keyboard,  Keyboard"
Tran2283,"Smartwatch ,  Printer ,  Speakers "
Tran2284,"Smartphone ,  Smartphone "
Tran2285,"Keyboard ,  Keyboard "
Tran2286,"Keyboard ,  Keyboard "
Tran2287,"Router ,  Speakers ,  Printer,  Printer"
Tran2288,"External Hard Drive,  External Hard Drive"
Tran2289,"Keyboard,  Keyboard"
Tran2290,"Smartwatch ,  Printer ,  Speakers "
Tran2292," Router ,  Smartwatch,  Smartwatch"
Tran2293,"Speakers ,  Charger ,  Charger "
Tran2294,"External Hard Drive ,  Charger"
Tran2296,"Smartwatch ,  Printer ,  Speakers "
Tran2297,"Smartphone ,  Smartphone "
Tran2299,"Keyboard,  Keyboard"
Tran2300,"Keyboard ,  Keyboard "
Tran2301,"External Hard Drive,  External Hard Drive"
Tran2302,"Speakers ,  Charger ,  Charger "
Tran2303,"Keyboard ,  Router ,  Charger,  Charger"
Tran2304,"Keyboard,  Keyboard"
Tran2305,"Smartwatch ,  Printer ,  Speakers "
Tran2306," Router ,  Smartwatch,  Smartwatch"
Tran2307,"Keyboard ,  Router ,  Charger,  Charger"
Tran2308,"Speakers ,  Charger ,  Charger "
Tran2309,"Router ,  Charger ,  Charger "
Tran2310,"Router ,  Charger ,  Charger "
Tran2311,"Smartphone,  Smartphone"
Tran2312,"Router ,  Speakers ,  Printer,  Printer"
Tran2315,"Router ,  Speakers ,  Printer,  Printer"
Tran2316,"Keyboard,  Keyboard,  Keyboard"
Tran2317,"Smartwatch,  Smartwatch"
Tran2319," Router ,  Smartwatch,  Smartwatch"
Tran2320,"Smartphone,  Smartphone"
Tran2321,"Keyboard ,  Router ,  Charger,  Charger"
Tran2322,"Keyboard,  Keyboard"
Tran2325,"Speakers ,  Printer ,  External Hard Drive ,  Printer "
Tran2326,"Router ,  Speakers ,  Printer,  Printer"
Tran2327,"Speakers ,  Charger ,  Charger "
Tran2328,"Smartwatch ,  Router ,  Router "
Tran2329,"Smartphone ,  Smartphone "
Tran2330,"Smartphone,  Smartphone"
Tran2331,"Smartwatch ,  Printer ,  Speakers "
Tran2332,"Smartwatch ,  Printer ,  Speakers "
Tran2335,"External Hard Drive ,  Charger"
Tran2336,"Router ,  Charger ,  Charger "
Tran2338,"Smartphone,  Smartphone"
Tran2339,"Speakers ,  Printer ,  External Hard Drive ,  Printer "
Tran2340,"Keyboard ,  Router ,  Charger,  Charger"
Tran2341,"Smartwatch ,  Printer ,  Speakers "
Tran2343," Router ,  Smartwatch,  Smartwatch"
Tran2345,"Smartphone,  Smartphone"
Tran2347,"Smartwatch ,  Printer ,  Speakers "
Tran2348,"Smartphone ,  Smartphone "
Tran2349,"Smartwatch ,  Printer ,  Speakers "
Tran2350,"Router ,  Speakers ,  Printer,  Printer"
Tran2351,"Smartphone ,  Smartphone "
Tran2353,"Smartwatch ,  Printer ,  Speakers "
Tran2354,"Router ,  Charger ,  Charger "
Tran2355,"Smartwatch ,  Router ,  Router "
Tran2356,"External Hard Drive,  External Hard Drive,  External Hard Drive"
Tran2357,"Keyboard ,  Keyboard "
Tran2358," Router ,  Smartwatch,  Smartwatch"
Tran2359,"Smartphone,  Smartphone"
Tran2360,"External Hard Drive ,  Charger"
Tran2361," Router ,  Smartwatch,  Smartwatch"
Tran2362,"Smartwatch,  Smartwatch"
Tran2363,"Smartwatch ,  Router ,  Router "
Tran2364,"External Hard Drive ,  Charger"
Tran2365,"Speakers ,  Charger ,  Charger "
Tran2366,"Speakers ,  Charger ,  Charger "
Tran2367,"Keyboard ,  Router ,  Charger,  Charger"
Tran2368," Smartwatch ,  External Hard Drive ,  Printer ,  Keyboard,  Keyboard"
Tran2369,"Smartwatch ,  Printer ,  Speakers "
Tran2370,"Keyboard,  Keyboard"
Tran2372,"External Hard Drive,  External Hard Drive,  External Hard Drive"
Tran2373,"Smartphone,  Smartphone"
Tran2374,"Keyboard,  Keyboard"
Tran2376,"Speakers ,  Printer ,  External Hard Drive ,  Printer "
Tran2377,"Router ,  Speakers ,  Printer,  Printer"
Tran2378,"Smartwatch,  Smartwatch"
Tran2379,"Router ,  Charger ,  Charger "
Tran2381,"Smartwatch,  Smartwatch"
Tran2382,"External Hard Drive,  External Hard Drive"
Tran2383,"External Hard Drive,  External Hard Drive"
Tran2385,"External Hard Drive ,  Charger"
Tran2386,"External Hard Drive ,  Charger"
Tran2387,"External Hard Drive,  External Hard Drive,  External Hard Drive"
Tran2388," Smartwatch ,  External Hard Drive ,  Printer ,  Keyboard,  Keyboard"
Tran2389,"External Hard Drive ,  Charger"
Tran2390,"Keyboard ,  Router ,  Charger,  Charger"
Tran2391,"Smartwatch ,  Router ,  Router "
Tran2393,"Router ,  Speakers ,  Printer,  Printer"
Tran2395,"Smartwatch,  Smartwatch"
Tran2396,"Keyboard ,  Router ,  Charger,  Charger"
Tran2397,"Keyboard,  Keyboard"
Tran2398,"Smartphone ,  Smartphone "
Tran2399,"Smartphone,  Smartphone"
Tran2400,"Smartphone ,  Smartphone "
Tran2401,"External Hard Drive,  External Hard Drive"
Tran2403,"Keyboard,  Keyboard"
Tran2404,"Keyboard ,  Router ,  Charger,  Charger,  Charger"
Tran2405,"External Hard Drive ,  Charger"
Tran2406,"Keyboard ,  Keyboard "
Tran2407,"External Hard Drive ,  Charger"
Tran2408,"Keyboard,  Keyboard"
Tran2409,"Smartphone,  Smartphone"
Tran2410,"Smartphone,  Smartphone"
Tran2411,"External Hard Drive,  External Hard Drive"
Tran2412,"Keyboard ,  Keyboard "
Tran2413,"Keyboard,  Keyboard"
Tran2415," Router ,  Smartwatch,  Smartwatch,  Router "
Tran2416,"Speakers ,  Charger ,  Charger "
Tran2417,"Smartwatch ,  Printer ,  Speakers "
Tran2418,"Keyboard ,  Keyboard "
Tran2419,"Smartphone ,  Smartphone "
Tran2420,"Smartwatch,  Smartwatch"
Tran2421,"Router ,  Speakers ,  Printer,  Printer,  Printer"
Tran2422,"Keyboard ,  Keyboard "
Tran2423," Smartwatch ,  External Hard Drive ,  Printer ,  Keyboard,  Keyboard"
Tran2424,"Keyboard,  Keyboard"
Tran2425,"Smartwatch,  Smartwatch"
Tran2426,"Router ,  Speakers ,  Printer,  Printer,  Speakers "
Tran2427,"External Hard Drive,  External Hard Drive"
Tran2428," Smartwatch ,  External Hard Drive ,  Printer ,  Keyboard,  Keyboard"
Tran2429,"Smartwatch,  Smartwatch"
Tran2430,"Smartphone ,  Smartphone "
Tran2431,"External Hard Drive ,  Charger"
Tran2433," Router ,  Smartwatch,  Smartwatch"
Tran2435,"Smartwatch,  Smartwatch"
Tran2436,"Smartphone ,  Smartphone "
Tran2437,"Smartwatch ,  Router ,  Router "
Tran2438," Smartwatch ,  External Hard Drive ,  Printer ,  Keyboard,  Keyboard,  External Hard Drive "
Tran2439," Smartwatch ,  External Hard Drive ,  Printer ,  Keyboard,  Keyboard"
Tran2440,"Smartwatch ,  Router ,  Router "
Tran2441,"Smartphone,  Smartphone"
Tran2442,"Smartphone ,  Smartphone "
Tran2443," Smartwatch ,  External Hard Drive ,  Printer ,  Keyboard,  Keyboard"
Tran2444,"Smartwatch ,  Router ,  Router "
Tran2445,"Router ,  Speakers ,  Printer,  Printer"
Tran2447,"Smartphone,  Smartphone"
Tran2448,"Smartwatch ,  Router ,  Router "
Tran2450,"Router ,  Charger ,  Charger "
Tran2451,"Smartwatch,  Smartwatch"
Tran2452,"Router ,  Speakers ,  Printer,  Printer"
Tran2453,"Router ,  Charger ,  Charger "
Tran2455,"Keyboard ,  Keyboard "
Tran2456,"Smartphone,  Smartphone"
Tran2457,"External Hard Drive,  External Hard Drive"
Tran2458,"Smartphone ,  Smartphone "
Tran2460,"Keyboard ,  Keyboard ,  Keyboard "
Tran2461,"Smartwatch ,  Printer ,  Speakers "
Tran2462,"Keyboard,  Keyboard"
Tran2463," Router ,  Smartwatch,  Smartwatch"
Tran2464,"Router ,  Speakers ,  Printer,  Printer"
Tran2465,"Keyboard,  Keyboard"
Tran2466,"Keyboard,  Keyboard"
Tran2467,"Keyboard,  Keyboard"
Tran2468,"External Hard Drive,  External Hard Drive"
Tran2469," Smartwatch ,  External Hard Drive ,  Printer ,  Keyboard,  Keyboard"
Tran2470,"Smartwatch,  Smartwatch"
Tran2471,"Speakers ,  Charger ,  Charger "
Tran2472,"Speakers ,  Printer ,  External Hard Drive ,  Printer "
Tran2474,"Router ,  Charger ,  Charger "
Tran2475,"Smartphone,  Smartphone"
Tran2476,"Keyboard,  Keyboard"
Tran2478,"Keyboard ,  Router ,  Charger,  Charger"
Tran2479,"Router ,  Speakers ,  Printer,  Printer"
Tran2480,"Keyboard ,  Router ,  Charger,  Charger"
Tran2481,"Smartwatch,  Smartwatch"
Tran2482,"Keyboard ,  Router ,  Charger,  Charger"
Tran2483,"Keyboard,  Keyboard"
Tran2484,"Smartwatch ,  Printer ,  Speakers "
Tran2485,"Keyboard,  Keyboard"
Tran2486,"Keyboard,  Keyboard,  Keyboard"
Tran2489," Router ,  Smartwatch,  Smartwatch"
Tran2490,"Router ,  Speakers ,  Printer,  Printer"
Tran2491," Router ,  Smartwatch,  Smartwatch"
Tran2492,"Router ,  Speakers ,  Printer,  Printer"
Tran2494,"Smartwatch,  Smartwatch"
Tran2495,"Smartwatch ,  Router ,  Router "
Tran2496,"Smartwatch ,  Router ,  Router "
Tran2497," Smartwatch ,  External Hard Drive ,  Printer ,  Keyboard,  Keyboard"
Tran2498,"Smartwatch,  Smartwatch"
Tran2499,"Keyboard ,  Keyboard "
Tran2500,"Keyboard,  Keyboard"
Tran2502,"Router ,  Charger ,  Charger "
Tran2503," Router ,  Smartwatch,  Smartwatch"
Tran2504,"External Hard Drive ,  Charger"
Tran2505,"Router ,  Speakers ,  Printer,  Printer"
Tran2506,"Speakers ,  Printer ,  External Hard Drive ,  Printer ,  External Hard Drive "
Tran2507,"Keyboard,  Keyboard"
Tran2508,"External Hard Drive,  External Hard Drive,  External Hard Drive"
Tran2509,"Smartwatch ,  Printer ,  Speakers "
Tran2510,"Smartwatch ,  Printer ,  Speakers "
Tran2513," Router ,  Smartwatch,  Smartwatch"
Tran2514,"Keyboard ,  Keyboard "
Tran2515,"External Hard Drive ,  Charger"
Tran2516,"Router ,  Speakers ,  Printer,  Printer"
Tran2517," Router ,  Smartwatch,  Smartwatch,  Router "
Tran2518,"Smartwatch,  Smartwatch"
Tran2519,"Keyboard ,  Router ,  Charger,  Charger"
Tran2520,"Smartphone ,  Smartphone "
Tran2521," Smartwatch ,  External Hard Drive ,  Printer ,  Keyboard,  Keyboard"
Tran2523,"Keyboard,  Keyboard,  Keyboard"
Tran2524,"Speakers ,  Charger ,  Charger ,  Speakers "
Tran2525,"Smartwatch ,  Printer ,  Speakers "
Tran2526,"Smartphone,  Smartphone"
Tran2527,"Router ,  Speakers ,  Printer,  Printer"
Tran2528,"Router ,  Charger ,  Charger "
Tran2529,"Smartwatch ,  Router ,  Router "
Tran2530,"Keyboard,  Keyboard"
Tran2533,"Router ,  Speakers ,  Printer,  Printer"
Tran2534," Router ,  Smartwatch,  Smartwatch"
Tran2535,"Smartwatch,  Smartwatch,  Smartwatch"
Tran2536,"Speakers ,  Printer ,  External Hard Drive ,  Printer ,  Printer "
Tran2537,"Speakers ,  Printer ,  External Hard Drive ,  Printer "
Tran2538,"Keyboard,  Keyboard"
Tran2540,"Smartphone ,  Smartphone "
Tran2541,"Smartphone ,  Smartphone "
Tran2542,"Router ,  Charger ,  Charger "
Tran2544,"Smartphone ,  Smartphone "
Tran2545,"Smartphone,  Smartphone"
Tran2546,"Router ,  Speakers ,  Printer,  Printer"
Tran2547,"External Hard Drive,  External Hard Drive"
Tran2548,"Smartwatch ,  Printer ,  Speakers "
Tran2549,"Keyboard,  Keyboard,  Keyboard"
Tran2550,"Speakers ,  Printer ,  External Hard Drive ,  Printer "
Tran2551,"Keyboard ,  Router ,  Charger,  Charger"
Tran2552,"Keyboard,  Keyboard"
Tran2553,"Router ,  Speakers ,  Printer,  Printer"
Tran2554,"Smartphone ,  Smartphone "
Tran2555,"Router ,  Charger ,  Charger "
Tran2556," Smartwatch ,  External Hard Drive ,  Printer ,  Keyboard,  Keyboard"
Tran2557,"Keyboard,  Keyboard"
Tran2558,"Keyboard,  Keyboard"
Tran2559,"Smartphone,  Smartphone"
Tran2560,"External Hard Drive ,  Charger"
Tran2561,"Smartphone,  Smartphone"
Tran2563,"Speakers ,  Charger ,  Charger "
Tran2564,"External Hard Drive ,  Charger"
Tran2565,"Speakers ,  Charger ,  Charger "
Tran2566,"Router ,  Charger ,  Charger "
Tran2567,"External Hard Drive,  External Hard Drive"
Tran2568,"Smartwatch,  Smartwatch"
Tran2569,"Speakers ,  Printer ,  External Hard Drive ,  Printer "
Tran2570," Router ,  Smartwatch,  Smartwatch"
Tran2571,"Keyboard,  Keyboard"
Tran2572,"External Hard Drive,  External Hard Drive"
Tran2573,"Speakers ,  Charger ,  Charger "
Tran2574,"Keyboard,  Keyboard"
Tran2575,"Router ,  Speakers ,  Printer,  Printer,  Printer"
Tran2577,"Router ,  Charger ,  Charger "
Tran2579,"Keyboard ,  Router ,  Charger,  Charger"
Tran2581,"External Hard Drive,  External Hard Drive"
Tran2584,"Router ,  Charger ,  Charger "
Tran2585,"External Hard Drive,  External Hard Drive"
Tran2586,"Smartwatch ,  Router ,  Router "
Tran2587,"Smartwatch ,  Printer ,  Speakers "
Tran2588,"Smartphone,  Smartphone"
Tran2589,"Smartwatch ,  Router ,  Router "
Tran2590,"Keyboard,  Keyboard"
Tran2591,"Smartwatch ,  Router ,  Router "
Tran2592,"Smartwatch ,  Router ,  Router "
Tran2594,"Smartphone ,  Smartphone "
Tran2595,"Speakers ,  Charger ,  Charger "
Tran2596,"Smartphone,  Smartphone"
Tran2597,"Keyboard ,  Keyboard "
Tran2598,"External Hard Drive,  External Hard Drive"
Tran2599,"Keyboard ,  Router ,  Charger,  Charger,  Keyboard "
Tran2600,"External Hard Drive,  External Hard Drive"
Tran2601,"Keyboard,  Keyboard"
Tran2602,"Router ,  Speakers ,  Printer,  Printer"
Tran2603,"Keyboard ,  Router ,  Charger,  Charger"
Tran2604,"Router ,  Speakers ,  Printer,  Printer"
Tran2605,"Smartwatch,  Smartwatch"
Tran2606,"External Hard Drive ,  Charger"
Tran2608,"Smartwatch ,  Router ,  Router "
Tran2609," Router ,  Smartwatch,  Smartwatch"
Tran2610," Router ,  Smartwatch,  Smartwatch"
Tran2611,"Router ,  Speakers ,  Printer,  Printer"
Tran2612,"Speakers ,  Printer ,  External Hard Drive ,  Printer ,  External Hard Drive "
Tran2613,"Smartphone ,  Smartphone ,  Smartphone "
Tran2614,"Smartwatch ,  Printer ,  Speakers "
Tran2615,"Smartwatch,  Smartwatch,  Smartwatch"
Tran2616,"External Hard Drive ,  Charger"
Tran2617,"External Hard Drive,  External Hard Drive"
Tran2621,"External Hard Drive ,  Charger"
Tran2622,"Smartwatch ,  Router ,  Router "
Tran2624,"External Hard Drive,  External Hard Drive,  External Hard Drive"
Tran2626,"Router ,  Speakers ,  Printer,  Printer"
Tran2627,"Keyboard ,  Router ,  Charger,  Charger"
Tran2628,"Router ,  Charger ,  Charger "
Tran2629,"Smartwatch,  Smartwatch"
Tran2630,"Router ,  Speakers ,  Printer,  Printer"
Tran2632,"Smartwatch,  Smartwatch"
Tran2633,"Smartphone ,  Smartphone "
Tran2636,"Router ,  Speakers ,  Printer,  Printer"
Tran2637,"Speakers ,  Charger ,  Charger "
Tran2638,"Smartphone ,  Smartphone "
Tran2640,"Router ,  Speakers ,  Printer,  Printer"
Tran2641,"External Hard Drive,  External Hard Drive"
Tran2642,"Smartwatch ,  Printer ,  Speakers "
Tran2643,"Smartwatch,  Smartwatch"
Tran2644,"Smartwatch ,  Router ,  Router ,  Router "
Tran2645,"Smartphone,  Smartphone"
Tran2648," Router ,  Smartwatch,  Smartwatch"
Tran2649,"Keyboard ,  Router ,  Charger,  Charger"
Tran2650,"Smartwatch,  Smartwatch"
Tran2651,"Speakers ,  Charger ,  Charger "
Tran2652,"Keyboard,  Keyboard"
Tran2653,"Speakers ,  Printer ,  External Hard Drive ,  Printer "
Tran2654,"Keyboard,  Keyboard,  Keyboard"
Tran2655,"Smartphone ,  Smartphone "
Tran2656,"Keyboard,  Keyboard"
Tran2657,"Smartwatch ,  Router ,  Router "
Tran2658,"Smartphone,  Smartphone"
Tran2659,"Speakers ,  Charger ,  Charger "
Tran2660,"Router ,  Speakers ,  Printer,  Printer"
Tran2661,"Keyboard,  Keyboard"
Tran2662,"Keyboard ,  Keyboard "
Tran2663,"Keyboard,  Keyboard"
Tran2664,"Router ,  Speakers ,  Printer,  Printer"
Tran2665,"Keyboard ,  Keyboard "
Tran2667,"Speakers ,  Printer ,  External Hard Drive ,  Printer "
Tran2668,"Speakers ,  Printer ,  External Hard Drive ,  Printer "
Tran2669," Router ,  Smartwatch,  Smartwatch"
Tran2670,"Keyboard ,  Keyboard "
Tran2672,"Keyboard,  Keyboard"
Tran2673,"Router ,  Charger ,  Charger "
Tran2676,"Smartphone,  Smartphone,  Smartphone"
Tran2677,"Keyboard,  Keyboard"
Tran2678,"Smartwatch ,  Printer ,  Speakers "
Tran2679,"Smartphone,  Smartphone"
Tran2680,"Smartwatch ,  Printer ,  Speakers "
Tran2681,"Smartphone,  Smartphone"
Tran2682,"Smartwatch ,  Printer ,  Speakers ,  Printer "
Tran2683,"Smartwatch ,  Router ,  Router "
Tran2684,"External Hard Drive,  External Hard Drive"
Tran2685,"External Hard Drive,  External Hard Drive"
Tran2687,"Smartphone ,  Smartphone "
Tran2688,"Smartwatch ,  Printer ,  Speakers "
Tran2689,"Keyboard,  Keyboard"
Tran2690,"Smartwatch,  Smartwatch"
Tran2691," Router ,  Smartwatch,  Smartwatch"
Tran2693,"Smartwatch ,  Router ,  Router "
Tran2694,"Keyboard,  Keyboard"
Tran2695,"Speakers ,  Charger ,  Charger "
Tran2696,"Keyboard,  Keyboard,  Keyboard"
Tran2697,"Router ,  Speakers ,  Printer,  Printer"
Tran2698,"Smartwatch ,  Router ,  Router ,  Router "
Tran2700,"Smartphone,  Smartphone"
Tran2701,"Smartwatch ,  Printer ,  Speakers "
Tran2702,"Keyboard,  Keyboard"
Tran2703,"Keyboard ,  Keyboard "
Tran2704,"Smartwatch ,  Router ,  Router "
Tran2705,"Router ,  Charger ,  Charger "
Tran2706,"Speakers ,  Printer ,  External Hard Drive ,  Printer "
Tran2708,"External Hard Drive ,  Charger"
Tran2710,"Keyboard,  Keyboard"
Tran2711,"Router ,  Speakers ,  Printer,  Printer"
Tran2712,"Keyboard ,  Router ,  Charger,  Charger"
Tran2713,"External Hard Drive ,  Charger"
Tran2714,"Router ,  Speakers ,  Printer,  Printer"
Tran2715,"Router ,  Speakers ,  Printer,  Printer"
Tran2716,"Keyboard,  Keyboard"
Tran2717,"Keyboard,  Keyboard"
Tran2718,"Keyboard ,  Router ,  Charger,  Charger"
Tran2720,"Keyboard ,  Keyboard "
Tran2721,"Smartwatch ,  Router ,  Router "
Tran2722,"Speakers ,  Printer ,  External Hard Drive ,  Printer "
Tran2723,"Speakers ,  Printer ,  External Hard Drive ,  Printer "
Tran2725,"Smartphone ,  Smartphone "
Tran2726,"Smartphone,  Smartphone"
Tran2727,"Keyboard ,  Router ,  Charger,  Charger"
Tran2728,"Keyboard,  Keyboard,  Keyboard"
Tran2729,"Keyboard,  Keyboard"
Tran2730,"Smartwatch,  Smartwatch"
Tran2732,"Speakers ,  Printer ,  External Hard Drive ,  Printer "
Tran2733,"Keyboard,  Keyboard"
Tran2734,"Keyboard,  Keyboard"
Tran2735,"Speakers ,  Printer ,  External Hard Drive ,  Printer ,  Printer "
Tran2736,"Smartwatch,  Smartwatch"
Tran2737," Smartwatch ,  External Hard Drive ,  Printer ,  Keyboard,  Keyboard"
Tran2738,"External Hard Drive ,  Charger"
Tran2740,"Router ,  Charger ,  Charger "
Tran2741,"Speakers ,  Printer ,  External Hard Drive ,  Printer "
Tran2742,"Smartwatch,  Smartwatch"
Tran2743,"Speakers ,  Printer ,  External Hard Drive ,  Printer "
Tran2744,"Router ,  Charger ,  Charger "
Tran2745,"Keyboard ,  Keyboard "
Tran2747,"Smartwatch,  Smartwatch"
Tran2748," Router ,  Smartwatch,  Smartwatch"
Tran2749,"Speakers ,  Charger ,  Charger "
Tran2750,"Keyboard,  Keyboard"
Tran2751,"Keyboard ,  Keyboard "
Tran2752,"External Hard Drive,  External Hard Drive,  External Hard Drive"
Tran2753,"Router ,  Speakers ,  Printer,  Printer"
Tran2754,"External Hard Drive,  External Hard Drive"
Tran2755,"Router ,  Speakers ,  Printer,  Printer"
Tran2756,"Keyboard ,  Router ,  Charger,  Charger"
Tran2758," Smartwatch ,  External Hard Drive ,  Printer ,  Keyboard,  Keyboard"
Tran2759,"Speakers ,  Printer ,  External Hard Drive ,  Printer "
Tran2760,"Smartwatch ,  Printer ,  Speakers "
Tran2761,"Smartwatch ,  Router ,  Router "
Tran2762," Smartwatch ,  External Hard Drive ,  Printer ,  Keyboard,  Keyboard"
Tran2763,"Router ,  Speakers ,  Printer,  Printer"
Tran2764," Smartwatch ,  External Hard Drive ,  Printer ,  Keyboard,  Keyboard"
Tran2766," Smartwatch ,  External Hard Drive ,  Printer ,  Keyboard,  Keyboard"
Tran2768,"Keyboard,  Keyboard"
Tran2769,"Router ,  Charger ,  Charger "
Tran2770,"Smartphone,  Smartphone,  Smartphone"
Tran2771,"Smartwatch ,  Printer ,  Speakers "
Tran2772," Smartwatch ,  External Hard Drive ,  Printer ,  Keyboard,  Keyboard,  Smartwatch "
Tran2774," Smartwatch ,  External Hard Drive ,  Printer ,  Keyboard,  Keyboard"
Tran2775," Router ,  Smartwatch,  Smartwatch"
Tran2776,"Smartwatch,  Smartwatch"
Tran2777,"External Hard Drive,  External Hard Drive"
Tran2778,"Keyboard ,  Router ,  Charger,  Charger"
Tran2779,"Smartphone,  Smartphone,  Smartphone"
Tran2780,"Smartwatch ,  Router ,  Router "
Tran2781," Router ,  Smartwatch,  Smartwatch"
Tran2782,"Smartwatch,  Smartwatch"
Tran2784,"Speakers ,  Printer ,  External Hard Drive ,  Printer "
Tran2785,"Smartphone ,  Smartphone "
Tran2787,"Router ,  Charger ,  Charger "
Tran2788,"Speakers ,  Printer ,  External Hard Drive ,  Printer "
Tran2789,"Speakers ,  Charger ,  Charger "
Tran2790,"Speakers ,  Printer ,  External Hard Drive ,  Printer "
Tran2791,"Keyboard ,  Router ,  Charger,  Charger"
Tran2792,"Smartwatch,  Smartwatch"
Tran2793,"Smartwatch ,  Printer ,  Speakers "
Tran2794,"Smartwatch ,  Router ,  Router "
Tran2795,"Smartphone,  Smartphone"
Tran2796," Router ,  Smartwatch,  Smartwatch"
Tran2797,"Keyboard,  Keyboard"
Tran2799," Smartwatch ,  External Hard Drive ,  Printer ,  Keyboard,  Keyboard"
Tran2800,"Router ,  Charger ,  Charger "
Tran2802,"Smartphone,  Smartphone"
Tran2803,"Router ,  Speakers ,  Printer,  Printer"
Tran2804,"Smartwatch ,  Printer ,  Speakers "
Tran2805," Router ,  Smartwatch,  Smartwatch"
Tran2806,"Smartphone ,  Smartphone "
Tran2807,"Keyboard ,  Router ,  Charger,  Charger"
Tran2808," Smartwatch ,  External Hard Drive ,  Printer ,  Keyboard,  Keyboard"
Tran2809,"Keyboard,  Keyboard,  Keyboard"
Tran2810,"External Hard Drive ,  Charger"
Tran2811," Router ,  Smartwatch,  Smartwatch"
Tran2812,"Router ,  Charger ,  Charger "
Tran2813,"Smartwatch,  Smartwatch"
Tran2814,"Smartphone,  Smartphone"
Tran2817,"External Hard Drive ,  Charger,  External Hard Drive "
Tran2818,"Smartphone,  Smartphone,  Smartphone"
Tran2820,"Router ,  Charger ,  Charger "
Tran2822,"Smartwatch,  Smartwatch"
Tran2823," Router ,  Smartwatch,  Smartwatch"
Tran2824,"Smartwatch,  Smartwatch"
Tran2825,"Speakers ,  Charger ,  Charger "
Tran2826,"Speakers ,  Printer ,  External Hard Drive ,  Printer "
Tran2827,"Speakers ,  Printer ,  External Hard Drive ,  Printer "
Tran2828,"Keyboard,  Keyboard"
Tran2829,"Speakers ,  Charger ,  Charger "
Tran2830," Router ,  Smartwatch,  Smartwatch"
Tran2831,"Keyboard,  Keyboard"
Tran2832,"Keyboard ,  Router ,  Charger,  Charger"
Tran2833," Router ,  Smartwatch,  Smartwatch"
Tran2834,"Smartphone ,  Smartphone "
Tran2835,"Keyboard,  Keyboard"
Tran2836," Router ,  Smartwatch,  Smartwatch"
Tran2837,"Smartwatch ,  Router ,  Router "
Tran2838,"Smartphone,  Smartphone"
Tran2840,"Keyboard ,  Keyboard "
Tran2841,"Smartphone ,  Smartphone "
Tran2842,"Smartphone ,  Smartphone "
Tran2843,"Smartwatch ,  Router ,  Router "
Tran2844,"Smartwatch,  Smartwatch"
Tran2845," Smartwatch ,  External Hard Drive ,  Printer ,  Keyboard,  Keyboard"
Tran2846,"Speakers ,  Printer ,  External Hard Drive ,  Printer "
Tran2847,"Speakers ,  Charger ,  Charger "
Tran2848,"Router ,  Speakers ,  Printer,  Printer"
Tran2849,"Router ,  Charger ,  Charger "
Tran2850,"Router ,  Speakers ,  Printer,  Printer"
Tran2851,"Smartphone,  Smartphone"
Tran2852,"Smartwatch,  Smartwatch"
Tran2853,"Router ,  Speakers ,  Printer,  Printer"
Tran2854,"Smartphone ,  Smartphone "
Tran2856,"Router ,  Speakers ,  Printer,  Printer"
Tran2857,"Keyboard ,  Router ,  Charger,  Charger"
Tran2858," Router ,  Smartwatch,  Smartwatch"
Tran2859,"Smartwatch ,  Printer ,  Speakers "
Tran2860," Router ,  Smartwatch,  Smartwatch"
Tran2861,"Smartwatch,  Smartwatch"
Tran2862,"Keyboard ,  Keyboard "
Tran2863," Smartwatch ,  External Hard Drive ,  Printer ,  Keyboard,  Keyboard"
Tran2864,"Smartphone ,  Smartphone "
Tran2865,"Smartwatch ,  Printer ,  Speakers "
Tran2866,"Keyboard,  Keyboard"
Tran2867,"Keyboard,  Keyboard"
Tran2868,"Keyboard ,  Keyboard "
Tran2869,"Speakers ,  Printer ,  External Hard Drive ,  Printer "
Tran2870,"Keyboard,  Keyboard"
Tran2871," Smartwatch ,  External Hard Drive ,  Printer ,  Keyboard,  Keyboard"
Tran2872," Smartwatch ,  External Hard Drive ,  Printer ,  Keyboard,  Keyboard"
Tran2873,"Keyboard ,  Router ,  Charger,  Charger"
Tran2874,"Smartwatch ,  Printer ,  Speakers "
Tran2875," Smartwatch ,  External Hard Drive ,  Printer ,  Keyboard,  Keyboard"
Tran2876,"Keyboard,  Keyboard"
Tran2877,"Keyboard ,  Keyboard "
Tran2878,"Keyboard ,  Router ,  Charger,  Charger"
Tran2879,"Keyboard,  Keyboard"
Tran2881," Router ,  Smartwatch,  Smartwatch,  Smartwatch"
Tran2882,"External Hard Drive,  External Hard Drive"
Tran2883," Router ,  Smartwatch,  Smartwatch"
Tran2884,"Keyboard,  Keyboard"
Tran2885,"Speakers ,  Printer ,  External Hard Drive ,  Printer "
Tran2886,"Speakers ,  Printer ,  External Hard Drive ,  Printer "
Tran2887,"Keyboard,  Keyboard"
Tran2889,"Keyboard,  Keyboard"
Tran2890,"Keyboard ,  Keyboard "
Tran2891,"External Hard Drive,  External Hard Drive"
Tran2893,"Smartphone ,  Smartphone "
Tran2894,"Keyboard ,  Keyboard "
Tran2895," Smartwatch ,  External Hard Drive ,  Printer ,  Keyboard,  Keyboard"
Tran2897,"Speakers ,  Charger ,  Charger "
Tran2898,"Router ,  Charger ,  Charger "
Tran2899,"Smartphone,  Smartphone"
Tran2900," Router ,  Smartwatch,  Smartwatch"
Tran2901,"Smartwatch,  Smartwatch"
Tran2902,"Speakers ,  Charger ,  Charger "
Tran2903,"Router ,  Speakers ,  Printer,  Printer"
Tran2904,"Smartphone,  Smartphone"
Tran2905,"External Hard Drive ,  Charger"
Tran2907,"Keyboard ,  Keyboard ,  Keyboard "
Tran2908,"Smartwatch ,  Router ,  Router "
Tran2909,"Keyboard,  Keyboard"
Tran2911,"External Hard Drive,  External Hard Drive,  External Hard Drive"
Tran2912,"External Hard Drive ,  Charger"
Tran2913,"Keyboard,  Keyboard"
Tran2914,"External Hard Drive,  External Hard Drive"
Tran2916,"Router ,  Speakers ,  Printer,  Printer"
Tran2917,"Speakers ,  Charger ,  Charger "
Tran2920,"Keyboard,  Keyboard"
Tran2921,"Smartwatch,  Smartwatch"
Tran2922," Router ,  Smartwatch,  Smartwatch"
Tran2924,"Smartphone ,  Smartphone ,  Smartphone "
Tran2925,"Smartwatch ,  Router ,  Router "
Tran2926,"External Hard Drive,  External Hard Drive"
Tran2927,"Router ,  Speakers ,  Printer,  Printer"
Tran2928,"Speakers ,  Printer ,  External Hard Drive ,  Printer "
Tran2929,"Keyboard,  Keyboard"
Tran2930,"Smartwatch ,  Printer ,  Speakers "
Tran2932,"Smartphone,  Smartphone"
Tran2933,"Keyboard ,  Keyboard "
Tran2935,"Smartphone,  Smartphone"
Tran2936,"Keyboard,  Keyboard"
Tran2937,"Keyboard,  Keyboard"
Tran2938,"Keyboard,  Keyboard"
Tran2939,"Router ,  Charger ,  Charger "
Tran2940,"Smartwatch ,  Router ,  Router "
Tran2941,"Speakers ,  Charger ,  Charger "
Tran2942,"Keyboard,  Keyboard"
Tran2944,"External Hard Drive,  External Hard Drive"
Tran2945,"Speakers ,  Charger ,  Charger "
Tran2946,"Smartwatch,  Smartwatch"
Tran2947,"Speakers ,  Charger ,  Charger "
Tran2948,"Keyboard ,  Keyboard "
Tran2949,"Smartwatch,  Smartwatch"
Tran2950,"Speakers ,  Charger ,  Charger "
Tran2951,"Smartphone,  Smartphone"
Tran2952,"Router ,  Charger ,  Charger "
Tran2953,"Smartphone ,  Smartphone "
Tran2955,"Keyboard ,  Router ,  Charger,  Charger"
Tran2956,"Smartwatch ,  Printer ,  Speakers "
Tran2957," Router ,  Smartwatch,  Smartwatch"
Tran2958,"Speakers ,  Charger ,  Charger "
Tran2959,"Keyboard ,  Keyboard "
Tran2960," Smartwatch ,  External Hard Drive ,  Printer ,  Keyboard,  Keyboard"
Tran2961," Smartwatch ,  External Hard Drive ,  Printer ,  Keyboard,  Keyboard"
Tran2962,"External Hard Drive,  External Hard Drive"
Tran2963,"Keyboard ,  Keyboard "
Tran2964," Router ,  Smartwatch,  Smartwatch,  Smartwatch"
Tran2965,"Router ,  Charger ,  Charger "
Tran2966,"Speakers ,  Printer ,  External Hard Drive ,  Printer "
Tran2967,"Keyboard,  Keyboard,  Keyboard"
Tran2968,"Speakers ,  Printer ,  External Hard Drive ,  Printer "
Tran2969,"Smartwatch ,  Printer ,  Speakers "
Tran2970," Smartwatch ,  External Hard Drive ,  Printer ,  Keyboard,  Keyboard"
Tran2971," Router ,  Smartwatch,  Smartwatch,  Smartwatch"
Tran2972,"Router ,  Speakers ,  Printer,  Printer"
Tran2973,"External Hard Drive ,  Charger"
Tran2974,"Keyboard,  Keyboard"
Tran2975,"Router ,  Speakers ,  Printer,  Printer"
Tran2976," Smartwatch ,  External Hard Drive ,  Printer ,  Keyboard,  Keyboard,  Keyboard"
Tran2977," Router ,  Smartwatch,  Smartwatch"
Tran2978,"Keyboard,  Keyboard"
Tran2979,"Speakers ,  Charger ,  Charger "
Tran2980,"Speakers ,  Printer ,  External Hard Drive ,  Printer "
Tran2981," Router ,  Smartwatch,  Smartwatch"
Tran2982,"Keyboard,  Keyboard"
Tran2983," Router ,  Smartwatch,  Smartwatch"
Tran2984,"External Hard Drive ,  Charger"
Tran2985,"Keyboard ,  Router ,  Charger,  Charger"
Tran2986,"Speakers ,  Charger ,  Charger "
Tran2988,"Smartwatch,  Smartwatch"
Tran2989," Smartwatch ,  External Hard Drive ,  Printer ,  Keyboard,  Keyboard"
Tran2991,"Keyboard ,  Keyboard "
Tran2994,"External Hard Drive ,  Charger"
Tran2995," Router ,  Smartwatch,  Smartwatch"
Tran2996,"Keyboard,  Keyboard"
Tran2997,"Speakers ,  Printer ,  External Hard Drive ,  Printer "
Tran2999,"Keyboard ,  Keyboard "
Tran3000," Smartwatch ,  External Hard Drive ,  Printer ,  Keyboard,  Keyboard"
Tran3002,"External Hard Drive,  External Hard Drive"
Tran3003,"Speakers ,  Printer ,  External Hard Drive ,  Printer "
Tran3004,"Smartwatch,  Smartwatch"
Tran3005," Smartwatch ,  External Hard Drive ,  Printer ,  Keyboard,  Keyboard"
Tran3006,"External Hard Drive ,  Charger"
Tran3007," Router ,  Smartwatch,  Smartwatch"
Tran3009,"Smartphone ,  Smartphone "
Tran3010,"Keyboard ,  Keyboard "
Tran3011," Router ,  Smartwatch,  Smartwatch"
Tran3012,"Smartwatch ,  Printer ,  Speakers "
Tran3013,"Keyboard,  Keyboard"
Tran3014,"Router ,  Charger ,  Charger "
Tran3015,"Smartphone ,  Smartphone "
Tran3017,"Router ,  Charger ,  Charger "
Tran3018,"Keyboard,  Keyboard"
Tran3019,"Smartwatch ,  Router ,  Router "
Tran3020,"Smartphone,  Smartphone"
Tran2021,"Keyboard ,  Keyboard ,  Keyboard "
Tran2022,"Smartwatch,  Smartwatch"
Tran2023,"External Hard Drive,  External Hard Drive,  External Hard Drive"
Tran2024,"Speakers ,  Printer ,  External Hard Drive ,  Printer "
Tran2025,"Router ,  Charger ,  Charger "
Tran2026,"Router ,  Charger ,  Charger "
Tran2027,"Smartwatch ,  Printer ,  Speakers "
Tran2028,"Speakers ,  Printer ,  External Hard Drive ,  Printer "
Tran2029,"Keyboard ,  Router ,  Charger,  Charger,  Router "
Tran2030,"Smartwatch ,  Router ,  Router "
Tran2031,"Speakers ,  Printer ,  External Hard Drive ,  Printer ,  Speakers "
Tran2032,"Keyboard ,  Router ,  Charger,  Charger"
Tran2033,"Router ,  Speakers ,  Printer,  Printer"
Tran2034,"External Hard Drive ,  Charger"
Tran2035,"Keyboard,  Keyboard"
Tran2036,"External Hard Drive ,  Charger"
Tran2037,"Router ,  Speakers ,  Printer,  Printer,  Printer"
Tran2038," Router ,  Smartwatch,  Smartwatch"
Tran2039," Router ,  Smartwatch,  Smartwatch"
Tran2040,"External Hard Drive ,  Charger"
Tran2041,"Keyboard,  Keyboard"
Tran2043,"Keyboard ,  Router ,  Charger,  Charger"
Tran2044,"Keyboard,  Keyboard"
Tran2045,"External Hard Drive,  External Hard Drive"
Tran2047,"Router ,  Charger ,  Charger "
Tran2049," Router ,  Smartwatch,  Smartwatch"
Tran2050,"Speakers ,  Charger ,  Charger "
Tran2051,"Smartwatch ,  Printer ,  Speakers "
Tran2053,"External Hard Drive ,  Charger"
Tran2054,"Speakers ,  Printer ,  External Hard Drive ,  Printer "
Tran2056,"Smartwatch ,  Printer ,  Speakers "
Tran2057,"Keyboard,  Keyboard"
Tran2058," Router ,  Smartwatch,  Smartwatch"
Tran2059,"Speakers ,  Charger ,  Charger ,  Charger "
Tran2060,"External Hard Drive ,  Charger"
Tran2063,"Smartphone ,  Smartphone "
Tran2064,"Speakers ,  Charger ,  Charger "
Tran2065,"Keyboard ,  Router ,  Charger,  Charger"
Tran2066," Router ,  Smartwatch,  Smartwatch"
Tran2067," Smartwatch ,  External Hard Drive ,  Printer ,  Keyboard,  Keyboard"
Tran2070,"Speakers ,  Charger ,  Charger "
Tran2071,"Router ,  Speakers ,  Printer,  Printer,  Speakers "
Tran2073,"Smartphone,  Smartphone"
Tran2074,"Router ,  Charger ,  Charger "
Tran2075,"External Hard Drive,  External Hard Drive"
Tran2076,"External Hard Drive ,  Charger"
Tran2077,"Speakers ,  Printer ,  External Hard Drive ,  Printer "
Tran2078,"Smartphone ,  Smartphone "
Tran2079,"Keyboard,  Keyboard"
Tran2080,"Smartwatch ,  Router ,  Router "
Tran2081," Smartwatch ,  External Hard Drive ,  Printer ,  Keyboard,  Keyboard,  Smartwatch "
Tran2082,"External Hard Drive ,  Charger"
Tran2084,"Speakers ,  Printer ,  External Hard Drive ,  Printer "
Tran2085,"Router ,  Speakers ,  Printer,  Printer"
Tran2086,"External Hard Drive ,  Charger"
Tran2087,"Speakers ,  Printer ,  External Hard Drive ,  Printer "
Tran2088," Router ,  Smartwatch,  Smartwatch"
Tran2089,"Keyboard ,  Keyboard "
Tran2090,"Keyboard,  Keyboard"
Tran2091,"Smartwatch,  Smartwatch"
Tran2092,"External Hard Drive ,  Charger"
Tran2094,"Speakers ,  Charger ,  Charger "
Tran2095,"Router ,  Speakers ,  Printer,  Printer"
Tran2096,"External Hard Drive ,  Charger"
Tran2097,"Smartwatch ,  Router ,  Router "
Tran2098,"Keyboard ,  Keyboard "
Tran2099,"Keyboard,  Keyboard"
Tran2100,"External Hard Drive ,  Charger"
Tran2101," Router ,  Smartwatch,  Smartwatch"
Tran2102,"Keyboard ,  Router ,  Charger,  Charger"
Tran2103,"Keyboard,  Keyboard"
Tran2104,"Smartphone,  Smartphone"
Tran2105,"Keyboard ,  Router ,  Charger,  Charger"
Tran2106,"Keyboard ,  Router ,  Charger,  Charger"
Tran2107,"Smartwatch ,  Printer ,  Speakers "
Tran2108,"Smartwatch ,  Router ,  Router ,  Router "
Tran2109,"Smartphone ,  Smartphone "
Tran2110,"Smartwatch ,  Router ,  Router "
Tran2111,"Smartwatch ,  Printer ,  Speakers "
Tran2112," Smartwatch ,  External Hard Drive ,  Printer ,  Keyboard,  Keyboard"
Tran2113," Router ,  Smartwatch,  Smartwatch"
Tran2114,"Smartphone,  Smartphone"
Tran2115,"Smartwatch,  Smartwatch"
Tran2116,"Keyboard ,  Keyboard "
Tran2117,"Smartwatch ,  Router ,  Router "
Tran2118,"Smartwatch,  Smartwatch"
Tran2119,"Smartwatch ,  Printer ,  Speakers "
Tran2120,"Keyboard ,  Router ,  Charger,  Charger"
Tran2121,"Smartwatch ,  Router ,  Router "
Tran2122,"Smartwatch ,  Router ,  Router ,  Smartwatch "
Tran2123,"Smartwatch,  Smartwatch"
Tran2124,"Speakers ,  Printer ,  External Hard Drive ,  Printer "
Tran2125,"Smartwatch ,  Router ,  Router ,  Router "
Tran2126,"Speakers ,  Charger ,  Charger ,  Charger "
Tran2127,"Smartwatch ,  Router ,  Router "
Tran2128,"External Hard Drive ,  Charger"
Tran2130,"Smartwatch ,  Printer ,  Speakers "
Tran2131,"Router ,  Speakers ,  Printer,  Printer"
Tran2132,"Router ,  Speakers ,  Printer,  Printer"
Tran2133,"Speakers ,  Charger ,  Charger "
Tran2134,"Speakers ,  Charger ,  Charger "
Tran2135,"Smartphone,  Smartphone"
Tran2136,"Smartwatch ,  Router ,  Router ,  Smartwatch "
Tran2137,"Keyboard,  Keyboard"
Tran2138,"Keyboard ,  Router ,  Charger,  Charger"
Tran2139,"Smartphone ,  Smartphone "
Tran2141,"Smartwatch ,  Router ,  Router "
Tran2142,"Keyboard ,  Keyboard "
Tran2143,"External Hard Drive ,  Charger"
Tran2144,"Keyboard ,  Router ,  Charger,  Charger"
Tran2145,"Keyboard,  Keyboard"
Tran2146,"Smartphone,  Smartphone"
Tran2147,"Smartwatch ,  Printer ,  Speakers "
Tran2148,"Router ,  Charger ,  Charger "
Tran2149,"Keyboard,  Keyboard"
Tran2150,"Keyboard ,  Router ,  Charger,  Charger"
Tran2151," Router ,  Smartwatch,  Smartwatch"
Tran2152,"Keyboard,  Keyboard"
Tran2153,"Router ,  Speakers ,  Printer,  Printer"
Tran2154,"Smartphone,  Smartphone"
Tran2155,"Keyboard ,  Router ,  Charger,  Charger"
Tran2156,"Speakers ,  Charger ,  Charger "
Tran2157,"Smartphone ,  Smartphone "
Tran2158,"Keyboard ,  Keyboard "
Tran2159,"Smartphone,  Smartphone"
Tran2161," Smartwatch ,  External Hard Drive ,  Printer ,  Keyboard,  Keyboard"
Tran2162,"Smartwatch ,  Router ,  Router "
Tran2164,"Keyboard,  Keyboard"
Tran2166,"Smartphone,  Smartphone"
Tran2168,"Keyboard ,  Router ,  Charger,  Charger"
Tran2169,"Smartwatch,  Smartwatch"
Tran2170,"External Hard Drive ,  Charger"
Tran2171,"Smartwatch,  Smartwatch"
Tran2172,"External Hard Drive,  External Hard Drive"
Tran2173,"Keyboard ,  Router ,  Charger,  Charger"
Tran2174,"Keyboard ,  Router ,  Charger,  Charger"
Tran2175,"Speakers ,  Charger ,  Charger "
Tran2176,"Keyboard ,  Keyboard "
Tran2177,"Smartwatch ,  Printer ,  Speakers "
