Transaction ID,Filtered Transaction
Tran5021,"Bulk Fruits ,  Bulk Fruits "
Tran5022," Jewelry ,  Bulk Fruits ,  Optical Items,  Optical Items"
Tran5024,"Bakery Items ,  Optical Items ,  Cleaning Supplies,  Cleaning Supplies,  Cleaning Supplies"
Tran5025,"Bakery Items ,  Bulk Fruits,  Bulk Fruits"
Tran5026,"Garden Supplies ,  Tires ,  Garden Supplies "
Tran5027,"Cleaning Supplies ,  Garden Supplies ,  Bulk Vegetables ,  Garden Supplies "
Tran5028,"Bakery Items ,  Optical Items ,  Cleaning Supplies,  Cleaning Supplies"
Tran5029," Bakery Items ,  Optical Items,  Optical Items,  Optical Items"
Tran5030,"Cleaning Supplies ,  Garden Supplies ,  Bulk Vegetables ,  Garden Supplies "
Tran5031,"Jewelry ,  Bulk Vegetables"
Tran5032,"Bakery Items ,  Bulk Fruits,  Bulk Fruits"
Tran5033," Optical Items ,  Bulk Fruits ,  Bulk Fruits "
Tran5034," Cleaning Supplies,  Cleaning Supplies"
Tran5035," Tires,  Tires"
Tran5036," Jewelry ,  Bulk Fruits ,  Optical Items,  Optical Items"
Tran5037,"Bakery Items ,  Garden Supplies"
Tran5038,"Bulk Fruits ,  Tires ,  Jewelry,  Tires "
Tran5039,"Bakery Items ,  Bulk Fruits "
Tran5040," Bakery Items ,  Optical Items,  Optical Items"
Tran5042,"Bulk Fruits ,  Bulk Fruits "
Tran5043,"Bakery Items ,  Garden Supplies"
Tran5044," Jewelry ,  Bulk Fruits ,  Optical Items,  Optical Items"
Tran5045,"Bakery Items ,  Optical Items ,  Cleaning Supplies,  Cleaning Supplies"
Tran5046,"Optical Items,  Optical Items"
Tran5047,"Optical Items,  Optical Items"
Tran5048," Bulk Vegetables ,  Tires ,  Garden Supplies,  Bulk Vegetables "
Tran5049,"Bakery Items ,  Bulk Fruits "
Tran5050," Bulk Vegetables ,  Tires ,  Garden Supplies,  Bulk Vegetables "
Tran5051,"Bakery Items ,  Bulk Fruits "
Tran5053,"Bakery Items ,  Bulk Fruits,  Bulk Fruits"
Tran5054,"Bulk Fruits ,  Bulk Fruits "
Tran5055," Bakery Items ,  Optical Items,  Optical Items"
Tran5056," Bakery Items ,  Optical Items,  Optical Items"
Tran5057," Cleaning Supplies,  Cleaning Supplies"
Tran5059," Cleaning Supplies,  Cleaning Supplies"
Tran5060,"Bakery Items ,  Bulk Fruits "
Tran5061," Jewelry ,  Bulk Fruits ,  Optical Items,  Optical Items"
Tran5062,"Jewelry ,  Bulk Vegetables"
Tran5063," Optical Items ,  Bulk Fruits ,  Bulk Fruits "
Tran5064," Jewelry ,  Bulk Fruits ,  Optical Items,  Optical Items"
Tran5065,"Optical Items,  Optical Items"
Tran5066,"Bakery Items ,  Garden Supplies"
Tran5067," Optical Items ,  Bulk Fruits ,  Bulk Fruits "
Tran5068,"Bulk Fruits ,  Tires ,  Jewelry,  Tires "
Tran5069,"Bakery Items ,  Garden Supplies"
Tran5070,"Bakery Items ,  Optical Items ,  Cleaning Supplies,  Cleaning Supplies"
Tran5072,"Jewelry ,  Bulk Vegetables"
Tran5073,"Bulk Fruits ,  Tires ,  Jewelry,  Tires "
Tran5075,"Bakery Items ,  Optical Items ,  Cleaning Supplies,  Cleaning Supplies"
Tran5076,"Garden Supplies ,  Tires ,  Garden Supplies "
Tran5078,"Optical Items,  Optical Items"
Tran5079,"Bulk Fruits ,  Bulk Fruits "
Tran5080,"Optical Items,  Optical Items"
Tran5081,"Bulk Fruits ,  Bulk Fruits "
Tran5082,"Cleaning Supplies ,  Garden Supplies ,  Bulk Vegetables ,  Garden Supplies "
Tran5083,"Bulk Fruits ,  Bulk Fruits "
Tran5084,"Bulk Fruits ,  Bulk Fruits "
Tran5085,"Bakery Items ,  Bulk Fruits,  Bulk Fruits"
Tran5086,"Garden Supplies ,  Tires ,  Garden Supplies ,  Garden Supplies "
Tran5087,"Optical Items,  Optical Items"
Tran5088,"Bakery Items ,  Bulk Fruits "
Tran5089,"Jewelry,  Jewelry"
Tran5090," Jewelry ,  Bulk Fruits ,  Optical Items,  Optical Items"
Tran5091,"Jewelry ,  Bulk Vegetables"
Tran5092,"Garden Supplies ,  Tires ,  Garden Supplies "
Tran5093,"Bakery Items ,  Optical Items ,  Cleaning Supplies,  Cleaning Supplies"
Tran5094,"Jewelry ,  Bulk Vegetables"
Tran5095," Bakery Items ,  Optical Items,  Optical Items"
Tran5096,"Bulk Fruits ,  Tires ,  Jewelry,  Tires "
Tran5097," Jewelry ,  Bulk Fruits ,  Optical Items,  Optical Items"
Tran5098,"Garden Supplies ,  Tires ,  Garden Supplies "
Tran5099," Optical Items ,  Bulk Fruits ,  Bulk Fruits "
Tran5100," Bulk Vegetables ,  Tires ,  Garden Supplies,  Bulk Vegetables "
Tran5101, Garden Supplies
Tran5103,"Bulk Fruits ,  Bulk Fruits "
Tran5105,"Jewelry ,  Bulk Vegetables"
Tran5106,"Garden Supplies ,  Tires ,  Garden Supplies "
Tran5108,"Bulk Fruits ,  Tires ,  Jewelry,  Tires "
Tran5109,"Bakery Items ,  Bulk Fruits "
Tran5110,"Bakery Items ,  Optical Items ,  Cleaning Supplies,  Cleaning Supplies"
Tran5111,"Bakery Items ,  Optical Items ,  Cleaning Supplies,  Cleaning Supplies"
Tran5112,"Bakery Items ,  Optical Items ,  Cleaning Supplies,  Cleaning Supplies"
Tran5113,"Jewelry ,  Bulk Vegetables"
Tran5114,"Cleaning Supplies ,  Garden Supplies ,  Bulk Vegetables ,  Garden Supplies "
Tran5115,"Cleaning Supplies ,  Garden Supplies ,  Bulk Vegetables ,  Garden Supplies "
Tran5117,"Jewelry,  Jewelry"
Tran5118,"Bakery Items ,  Optical Items ,  Cleaning Supplies,  Cleaning Supplies"
Tran5119,"Bulk Fruits ,  Bulk Fruits "
Tran5120,"Jewelry ,  Bulk Vegetables"
Tran5121," Bakery Items ,  Optical Items,  Optical Items"
Tran5122,"Bakery Items ,  Bulk Fruits,  Bulk Fruits"
Tran5123,"Bakery Items ,  Bulk Fruits,  Bulk Fruits"
Tran5124,"Bulk Fruits ,  Bulk Fruits "
Tran5125,"Optical Items,  Optical Items"
Tran5126, Garden Supplies
Tran5128,"Bakery Items ,  Optical Items ,  Cleaning Supplies,  Cleaning Supplies"
Tran5129," Bakery Items ,  Optical Items,  Optical Items"
Tran5130,"Jewelry ,  Bulk Vegetables"
Tran5131,"Cleaning Supplies ,  Garden Supplies ,  Bulk Vegetables ,  Garden Supplies "
Tran5132,"Bakery Items ,  Bulk Fruits "
Tran5133,"Jewelry,  Jewelry"
Tran5135, Garden Supplies
Tran5136,"Garden Supplies ,  Tires ,  Garden Supplies "
Tran5137,"Bulk Fruits ,  Bulk Fruits "
Tran5139," Cleaning Supplies,  Cleaning Supplies"
Tran5140," Bakery Items ,  Optical Items,  Optical Items"
Tran5141,"Bulk Fruits ,  Bulk Fruits "
Tran5143,"Jewelry,  Jewelry"
Tran5144," Optical Items ,  Bulk Fruits ,  Bulk Fruits "
Tran5145," Optical Items ,  Bulk Fruits ,  Bulk Fruits "
Tran5146,"Cleaning Supplies ,  Garden Supplies ,  Bulk Vegetables ,  Garden Supplies "
Tran5147,"Bakery Items ,  Garden Supplies"
Tran5148,"Cleaning Supplies ,  Garden Supplies ,  Bulk Vegetables ,  Garden Supplies "
Tran5149,"Bakery Items ,  Bulk Fruits,  Bulk Fruits"
Tran5150," Bulk Vegetables ,  Tires ,  Garden Supplies,  Bulk Vegetables "
Tran5151," Cleaning Supplies,  Cleaning Supplies"
Tran5152," Tires,  Tires"
Tran5153,"Bulk Fruits ,  Bulk Fruits "
Tran5154,"Jewelry,  Jewelry"
Tran5155," Optical Items ,  Bulk Fruits ,  Bulk Fruits "
Tran5156," Bulk Vegetables ,  Tires ,  Garden Supplies,  Bulk Vegetables "
Tran5157, Garden Supplies
Tran5158, Garden Supplies
Tran5159," Cleaning Supplies,  Cleaning Supplies"
Tran5160," Optical Items ,  Bulk Fruits ,  Bulk Fruits "
Tran5161,"Jewelry ,  Bulk Vegetables"
Tran5162, Garden Supplies
Tran5163,"Bakery Items ,  Garden Supplies"
Tran5164,"Bakery Items ,  Garden Supplies"
Tran5165,"Cleaning Supplies ,  Garden Supplies ,  Bulk Vegetables ,  Garden Supplies "
Tran5167," Jewelry ,  Bulk Fruits ,  Optical Items,  Optical Items"
Tran5168,"Jewelry,  Jewelry"
Tran5169,"Cleaning Supplies ,  Garden Supplies ,  Bulk Vegetables ,  Garden Supplies "
Tran5170,"Bakery Items ,  Optical Items ,  Cleaning Supplies,  Cleaning Supplies"
Tran5171," Cleaning Supplies,  Cleaning Supplies,  Cleaning Supplies"
Tran5172," Bulk Vegetables ,  Tires ,  Garden Supplies,  Bulk Vegetables "
Tran5173," Optical Items ,  Bulk Fruits ,  Bulk Fruits "
Tran5174,"Garden Supplies ,  Tires ,  Garden Supplies "
Tran5175,"Bakery Items ,  Bulk Fruits "
Tran5176," Jewelry ,  Bulk Fruits ,  Optical Items,  Optical Items"
Tran5178," Optical Items ,  Bulk Fruits ,  Bulk Fruits "
Tran5179," Optical Items ,  Bulk Fruits ,  Bulk Fruits "
Tran5180," Cleaning Supplies,  Cleaning Supplies"
Tran5181,"Jewelry,  Jewelry"
Tran5182,"Jewelry ,  Bulk Vegetables"
Tran5183, Garden Supplies
Tran5184,"Optical Items,  Optical Items"
Tran5185,"Bulk Fruits ,  Tires ,  Jewelry,  Tires "
Tran5186,"Bakery Items ,  Garden Supplies"
Tran5187," Jewelry ,  Bulk Fruits ,  Optical Items,  Optical Items"
Tran5188,"Bulk Fruits ,  Bulk Fruits "
Tran5189,"Bakery Items ,  Bulk Fruits,  Bulk Fruits"
Tran5191," Bakery Items ,  Optical Items,  Optical Items"
Tran5193," Cleaning Supplies,  Cleaning Supplies"
Tran5194," Cleaning Supplies,  Cleaning Supplies"
Tran5195,"Bakery Items ,  Bulk Fruits "
Tran5196,"Garden Supplies ,  Tires ,  Garden Supplies "
Tran5197,"Bulk Fruits ,  Bulk Fruits "
Tran5198,"Bulk Fruits ,  Tires ,  Jewelry,  Tires "
Tran5199,"Cleaning Supplies ,  Garden Supplies ,  Bulk Vegetables ,  Garden Supplies "
Tran5200," Bakery Items ,  Optical Items,  Optical Items"
Tran5201,"Garden Supplies ,  Tires ,  Garden Supplies ,  Tires "
Tran5202,"Cleaning Supplies ,  Garden Supplies ,  Bulk Vegetables ,  Garden Supplies "
Tran5204,"Bakery Items ,  Garden Supplies"
Tran5205,"Bakery Items ,  Bulk Fruits "
Tran5206,"Optical Items,  Optical Items"
Tran5207," Optical Items ,  Bulk Fruits ,  Bulk Fruits "
Tran5209," Bulk Vegetables ,  Tires ,  Garden Supplies,  Bulk Vegetables "
Tran5210,"Jewelry,  Jewelry"
Tran5211,"Bakery Items ,  Bulk Fruits "
Tran5212,"Bakery Items ,  Optical Items ,  Cleaning Supplies,  Cleaning Supplies"
Tran5213," Cleaning Supplies,  Cleaning Supplies"
Tran5214," Bulk Vegetables ,  Tires ,  Garden Supplies,  Bulk Vegetables "
Tran5215,"Bakery Items ,  Optical Items ,  Cleaning Supplies,  Cleaning Supplies"
Tran5216,"Jewelry ,  Bulk Vegetables"
Tran5219,"Jewelry,  Jewelry,  Jewelry"
Tran5220," Tires,  Tires"
Tran5221," Cleaning Supplies,  Cleaning Supplies"
Tran5222," Optical Items ,  Bulk Fruits ,  Bulk Fruits "
Tran5223,"Bakery Items ,  Bulk Fruits "
Tran5224,"Cleaning Supplies ,  Garden Supplies ,  Bulk Vegetables ,  Garden Supplies "
Tran5225,"Bulk Fruits ,  Bulk Fruits "
Tran5227," Bakery Items ,  Optical Items,  Optical Items"
Tran5228," Bulk Vegetables ,  Tires ,  Garden Supplies,  Bulk Vegetables "
Tran5230," Cleaning Supplies,  Cleaning Supplies,  Cleaning Supplies"
Tran5231," Jewelry ,  Bulk Fruits ,  Optical Items,  Optical Items"
Tran5232," Jewelry ,  Bulk Fruits ,  Optical Items,  Optical Items"
Tran5233," Optical Items ,  Bulk Fruits ,  Bulk Fruits "
Tran5235,"Jewelry,  Jewelry"
Tran5236,"Bakery Items ,  Garden Supplies"
Tran5237,"Bulk Fruits ,  Tires ,  Jewelry,  Tires "
Tran5238,"Garden Supplies ,  Tires ,  Garden Supplies "
Tran5239," Optical Items ,  Bulk Fruits ,  Bulk Fruits "
Tran5240,"Bakery Items ,  Garden Supplies"
Tran5241," Optical Items ,  Bulk Fruits ,  Bulk Fruits "
Tran5243," Bakery Items ,  Optical Items,  Optical Items"
Tran5244,"Bakery Items ,  Optical Items ,  Cleaning Supplies,  Cleaning Supplies"
Tran5245, Garden Supplies
Tran5246,"Bulk Fruits ,  Tires ,  Jewelry,  Tires "
Tran5247,"Jewelry ,  Bulk Vegetables"
Tran5248," Bulk Vegetables ,  Tires ,  Garden Supplies,  Bulk Vegetables "
Tran5249," Jewelry ,  Bulk Fruits ,  Optical Items,  Optical Items"
Tran5250," Bakery Items ,  Optical Items,  Optical Items,  Optical Items"
Tran5251,"Jewelry ,  Bulk Vegetables"
Tran5252," Optical Items ,  Bulk Fruits ,  Bulk Fruits "
Tran5253," Tires,  Tires"
Tran5254,"Jewelry ,  Bulk Vegetables"
Tran5255," Bakery Items ,  Optical Items,  Optical Items"
Tran5256," Bakery Items ,  Optical Items,  Optical Items"
Tran5257,"Bakery Items ,  Garden Supplies"
Tran5258,"Bakery Items ,  Optical Items ,  Cleaning Supplies,  Cleaning Supplies"
Tran5259,"Garden Supplies ,  Tires ,  Garden Supplies "
Tran5260,"Jewelry ,  Bulk Vegetables"
Tran5261,"Bakery Items ,  Bulk Fruits "
Tran5262," Bulk Vegetables ,  Tires ,  Garden Supplies,  Bulk Vegetables "
Tran5263,"Bulk Fruits ,  Bulk Fruits "
Tran5264," Optical Items ,  Bulk Fruits ,  Bulk Fruits "
Tran5265,"Bakery Items ,  Garden Supplies"
Tran5266," Tires,  Tires"
Tran5267," Cleaning Supplies,  Cleaning Supplies"
Tran5268," Optical Items ,  Bulk Fruits ,  Bulk Fruits "
Tran5270,"Jewelry,  Jewelry"
Tran5271," Bakery Items ,  Optical Items,  Optical Items,  Bakery Items "
Tran5272,"Bakery Items ,  Optical Items ,  Cleaning Supplies,  Cleaning Supplies"
Tran5274," Jewelry ,  Bulk Fruits ,  Optical Items,  Optical Items"
Tran5275," Cleaning Supplies,  Cleaning Supplies"
Tran5276,"Bakery Items ,  Bulk Fruits,  Bulk Fruits"
Tran5277,"Bakery Items ,  Bulk Fruits "
Tran5279,"Jewelry,  Jewelry"
Tran5280,"Bakery Items ,  Bulk Fruits "
Tran5281," Bakery Items ,  Optical Items,  Optical Items"
Tran5282,"Jewelry,  Jewelry"
Tran5283,"Bakery Items ,  Optical Items ,  Cleaning Supplies,  Cleaning Supplies"
Tran5284," Optical Items ,  Bulk Fruits ,  Bulk Fruits ,  Bulk Fruits "
Tran5285,"Cleaning Supplies ,  Garden Supplies ,  Bulk Vegetables ,  Garden Supplies "
Tran5286,"Garden Supplies ,  Tires ,  Garden Supplies "
Tran5287,"Jewelry ,  Bulk Vegetables,  Bulk Vegetables"
Tran5288,"Bakery Items ,  Bulk Fruits,  Bulk Fruits"
Tran5289,"Garden Supplies ,  Tires ,  Garden Supplies "
Tran5290," Bulk Vegetables ,  Tires ,  Garden Supplies,  Bulk Vegetables "
Tran5292,"Jewelry ,  Bulk Vegetables"
Tran5293," Cleaning Supplies,  Cleaning Supplies"
Tran5294,"Cleaning Supplies ,  Garden Supplies ,  Bulk Vegetables ,  Garden Supplies "
Tran5295," Tires,  Tires"
Tran5296,"Bulk Fruits ,  Tires ,  Jewelry,  Tires "
Tran5298,"Bakery Items ,  Optical Items ,  Cleaning Supplies,  Cleaning Supplies"
Tran5300,"Bakery Items ,  Bulk Fruits,  Bulk Fruits"
Tran5301,"Bulk Fruits ,  Tires ,  Jewelry,  Tires "
Tran5302," Cleaning Supplies,  Cleaning Supplies"
Tran5303, Garden Supplies
Tran5304,"Jewelry ,  Bulk Vegetables"
Tran5306,"Jewelry ,  Bulk Vegetables"
Tran5308," Bakery Items ,  Optical Items,  Optical Items"
Tran5309," Garden Supplies,  Garden Supplies"
Tran5310," Cleaning Supplies,  Cleaning Supplies"
Tran5311,"Bakery Items ,  Bulk Fruits,  Bulk Fruits"
Tran5312," Bakery Items ,  Optical Items,  Optical Items,  Optical Items"
Tran5313,"Bulk Fruits ,  Bulk Fruits ,  Bulk Fruits "
Tran5314," Optical Items ,  Bulk Fruits ,  Bulk Fruits "
Tran5315," Jewelry ,  Bulk Fruits ,  Optical Items,  Optical Items"
Tran5316," Bulk Vegetables ,  Tires ,  Garden Supplies,  Bulk Vegetables "
Tran5317," Bakery Items ,  Optical Items,  Optical Items"
Tran5320," Optical Items ,  Bulk Fruits ,  Bulk Fruits "
Tran5321,"Bakery Items ,  Garden Supplies"
Tran5322," Bakery Items ,  Optical Items,  Optical Items"
Tran5323,"Bakery Items ,  Bulk Fruits "
Tran5324," Optical Items ,  Bulk Fruits ,  Bulk Fruits "
Tran5325,"Optical Items,  Optical Items"
Tran5326," Bulk Vegetables ,  Tires ,  Garden Supplies,  Bulk Vegetables "
Tran5327," Tires,  Tires"
Tran5328," Optical Items ,  Bulk Fruits ,  Bulk Fruits "
Tran5329, Garden Supplies
Tran5330, Garden Supplies
Tran5331, Garden Supplies
Tran5332," Cleaning Supplies,  Cleaning Supplies"
Tran5333,"Bakery Items ,  Optical Items ,  Cleaning Supplies,  Cleaning Supplies"
Tran5334,"Bulk Fruits ,  Bulk Fruits ,  Bulk Fruits "
Tran5335,"Optical Items,  Optical Items"
Tran5336," Bulk Vegetables ,  Tires ,  Garden Supplies,  Bulk Vegetables ,  Bulk Vegetables "
Tran5337,"Jewelry,  Jewelry"
Tran5338,"Jewelry,  Jewelry"
Tran5339," Bakery Items ,  Optical Items,  Optical Items"
Tran5340,"Bakery Items ,  Optical Items ,  Cleaning Supplies,  Cleaning Supplies"
Tran5341,"Garden Supplies ,  Tires ,  Garden Supplies "
Tran5342,"Optical Items,  Optical Items"
Tran5343," Jewelry ,  Bulk Fruits ,  Optical Items,  Optical Items"
Tran5344,"Jewelry ,  Bulk Vegetables"
Tran5345,"Bakery Items ,  Bulk Fruits,  Bulk Fruits"
Tran5346," Bulk Vegetables ,  Tires ,  Garden Supplies,  Bulk Vegetables "
Tran5348,"Bakery Items ,  Bulk Fruits "
Tran5349,"Cleaning Supplies ,  Garden Supplies ,  Bulk Vegetables ,  Garden Supplies "
Tran5350," Bulk Vegetables ,  Tires ,  Garden Supplies,  Bulk Vegetables "
Tran5351,"Cleaning Supplies ,  Garden Supplies ,  Bulk Vegetables ,  Garden Supplies "
Tran5353," Cleaning Supplies,  Cleaning Supplies"
Tran5354," Bakery Items ,  Optical Items,  Optical Items,  Optical Items"
Tran5355," Tires,  Tires"
Tran5356," Bulk Vegetables ,  Tires ,  Garden Supplies,  Bulk Vegetables "
Tran5357,"Bakery Items ,  Garden Supplies,  Bakery Items "
Tran5358," Cleaning Supplies,  Cleaning Supplies"
Tran5359," Cleaning Supplies,  Cleaning Supplies"
Tran5360,"Bakery Items ,  Garden Supplies"
Tran5361,"Bulk Fruits ,  Bulk Fruits "
Tran5363,"Jewelry ,  Bulk Vegetables"
Tran5364,"Bulk Fruits ,  Bulk Fruits "
Tran5365," Cleaning Supplies,  Cleaning Supplies"
Tran5367,"Jewelry,  Jewelry"
Tran5368," Optical Items ,  Bulk Fruits ,  Bulk Fruits "
Tran5369,"Cleaning Supplies ,  Garden Supplies ,  Bulk Vegetables ,  Garden Supplies "
Tran5370," Bakery Items ,  Optical Items,  Optical Items"
Tran5371," Bakery Items ,  Optical Items,  Optical Items"
Tran5372," Cleaning Supplies,  Cleaning Supplies"
Tran5373,"Bakery Items ,  Bulk Fruits "
Tran5374,"Garden Supplies ,  Tires ,  Garden Supplies "
Tran5375,"Garden Supplies ,  Tires ,  Garden Supplies ,  Tires "
Tran5376, Garden Supplies
Tran5377,"Jewelry,  Jewelry"
Tran5378," Jewelry ,  Bulk Fruits ,  Optical Items,  Optical Items"
Tran5379,"Cleaning Supplies ,  Garden Supplies ,  Bulk Vegetables ,  Garden Supplies "
Tran5380," Jewelry ,  Bulk Fruits ,  Optical Items,  Optical Items"
Tran5381,"Optical Items,  Optical Items"
Tran5382,"Jewelry ,  Bulk Vegetables"
Tran5383,"Jewelry ,  Bulk Vegetables"
Tran5384," Cleaning Supplies,  Cleaning Supplies"
Tran5385,"Bakery Items ,  Bulk Fruits,  Bulk Fruits"
Tran5386, Garden Supplies
Tran5387, Garden Supplies
Tran5388,"Bakery Items ,  Optical Items ,  Cleaning Supplies,  Cleaning Supplies"
Tran5389," Cleaning Supplies,  Cleaning Supplies"
Tran5390,"Bulk Fruits ,  Tires ,  Jewelry,  Tires "
Tran5391,"Bakery Items ,  Garden Supplies"
Tran5392," Jewelry ,  Bulk Fruits ,  Optical Items,  Optical Items"
Tran5393,"Jewelry ,  Bulk Vegetables"
Tran5394,"Bakery Items ,  Optical Items ,  Cleaning Supplies,  Cleaning Supplies"
Tran5395," Tires,  Tires"
Tran5397,"Bakery Items ,  Optical Items ,  Cleaning Supplies,  Cleaning Supplies"
Tran5398,"Bakery Items ,  Bulk Fruits,  Bulk Fruits"
Tran5399," Bulk Vegetables ,  Tires ,  Garden Supplies,  Bulk Vegetables "
Tran5401,"Cleaning Supplies ,  Garden Supplies ,  Bulk Vegetables ,  Garden Supplies "
Tran5402," Bakery Items ,  Optical Items,  Optical Items"
Tran5403,"Jewelry ,  Bulk Vegetables"
Tran5404," Jewelry ,  Bulk Fruits ,  Optical Items,  Optical Items"
Tran5405," Bakery Items ,  Optical Items,  Optical Items"
Tran5406,"Cleaning Supplies ,  Garden Supplies ,  Bulk Vegetables ,  Garden Supplies "
Tran5407,"Bakery Items ,  Garden Supplies"
Tran5408,"Bakery Items ,  Bulk Fruits "
Tran5409," Jewelry ,  Bulk Fruits ,  Optical Items,  Optical Items"
Tran5410," Bulk Vegetables ,  Tires ,  Garden Supplies,  Bulk Vegetables "
Tran5411," Tires,  Tires"
Tran5413," Jewelry ,  Bulk Fruits ,  Optical Items,  Optical Items"
Tran5414,"Bakery Items ,  Bulk Fruits "
Tran5415,"Bakery Items ,  Bulk Fruits "
Tran5416," Optical Items ,  Bulk Fruits ,  Bulk Fruits "
Tran5417," Cleaning Supplies,  Cleaning Supplies"
Tran5418,"Jewelry,  Jewelry"
Tran5419,"Jewelry,  Jewelry"
Tran5420,"Bakery Items ,  Garden Supplies"
Tran5421," Jewelry ,  Bulk Fruits ,  Optical Items,  Optical Items"
Tran5422,"Optical Items,  Optical Items"
Tran5423,"Optical Items,  Optical Items"
Tran5425,"Bakery Items ,  Optical Items ,  Cleaning Supplies,  Cleaning Supplies"
Tran5426,"Jewelry,  Jewelry"
Tran5427,"Optical Items,  Optical Items"
Tran5428, Garden Supplies
Tran5429," Jewelry ,  Bulk Fruits ,  Optical Items,  Optical Items"
Tran5430,"Jewelry ,  Bulk Vegetables"
Tran5432," Tires,  Tires"
Tran5433,"Jewelry ,  Bulk Vegetables"
Tran5434,"Cleaning Supplies ,  Garden Supplies ,  Bulk Vegetables ,  Garden Supplies "
Tran5435,"Bakery Items ,  Optical Items ,  Cleaning Supplies,  Cleaning Supplies"
Tran5436," Optical Items ,  Bulk Fruits ,  Bulk Fruits "
Tran5437," Tires,  Tires"
Tran5438," Cleaning Supplies,  Cleaning Supplies"
Tran5439,"Jewelry ,  Bulk Vegetables"
Tran5440, Garden Supplies
Tran5441," Bakery Items ,  Optical Items,  Optical Items"
Tran5442,"Bulk Fruits ,  Tires ,  Jewelry,  Tires "
Tran5443,"Bakery Items ,  Optical Items ,  Cleaning Supplies,  Cleaning Supplies"
Tran5444,"Bakery Items ,  Optical Items ,  Cleaning Supplies,  Cleaning Supplies"
Tran5445,"Bulk Fruits ,  Tires ,  Jewelry,  Tires "
Tran5446," Tires,  Tires"
Tran5447,"Optical Items,  Optical Items,  Optical Items"
Tran5448,"Bakery Items ,  Bulk Fruits "
Tran5449," Bakery Items ,  Optical Items,  Optical Items"
Tran5450,"Garden Supplies ,  Tires ,  Garden Supplies "
Tran5451,"Garden Supplies ,  Tires ,  Garden Supplies "
Tran5452,"Garden Supplies ,  Tires ,  Garden Supplies ,  Tires "
Tran5453," Cleaning Supplies,  Cleaning Supplies"
Tran5454," Jewelry ,  Bulk Fruits ,  Optical Items,  Optical Items"
Tran5455,"Bakery Items ,  Bulk Fruits,  Bulk Fruits"
Tran5456," Bulk Vegetables ,  Tires ,  Garden Supplies,  Bulk Vegetables "
Tran5457, Garden Supplies
Tran5458,"Bulk Fruits ,  Tires ,  Jewelry,  Tires "
Tran5459, Garden Supplies
Tran5460," Bulk Vegetables ,  Tires ,  Garden Supplies,  Bulk Vegetables "
Tran5461," Optical Items ,  Bulk Fruits ,  Bulk Fruits "
Tran5462,"Bulk Fruits ,  Bulk Fruits "
Tran5463,"Bulk Fruits ,  Tires ,  Jewelry,  Tires "
Tran5464,"Jewelry,  Jewelry"
Tran5465,"Bulk Fruits ,  Bulk Fruits "
Tran5466,"Garden Supplies ,  Tires ,  Garden Supplies "
Tran5467,"Bulk Fruits ,  Tires ,  Jewelry,  Tires "
Tran5468," Bulk Vegetables ,  Tires ,  Garden Supplies,  Bulk Vegetables "
Tran5469," Tires,  Tires"
Tran5470,"Bakery Items ,  Bulk Fruits,  Bulk Fruits"
Tran5471,"Bakery Items ,  Optical Items ,  Cleaning Supplies,  Cleaning Supplies"
Tran5472,"Bakery Items ,  Garden Supplies"
Tran5473,"Bakery Items ,  Garden Supplies"
Tran5475,"Jewelry,  Jewelry"
Tran5476,"Jewelry ,  Bulk Vegetables"
Tran5478,"Jewelry,  Jewelry"
Tran5479,"Garden Supplies ,  Tires ,  Garden Supplies "
Tran5480,"Bakery Items ,  Bulk Fruits "
Tran5481,"Bakery Items ,  Bulk Fruits,  Bulk Fruits"
Tran5482,"Bakery Items ,  Bulk Fruits "
Tran5484,"Cleaning Supplies ,  Garden Supplies ,  Bulk Vegetables ,  Garden Supplies "
Tran5486,"Bulk Fruits ,  Bulk Fruits "
Tran5487,"Garden Supplies ,  Tires ,  Garden Supplies "
Tran5488,"Bakery Items ,  Garden Supplies"
Tran5489,"Bakery Items ,  Bulk Fruits "
Tran5490,"Bakery Items ,  Optical Items ,  Cleaning Supplies,  Cleaning Supplies"
Tran5491,"Cleaning Supplies ,  Garden Supplies ,  Bulk Vegetables ,  Garden Supplies "
Tran5492,"Garden Supplies ,  Tires ,  Garden Supplies "
Tran5493,"Jewelry ,  Bulk Vegetables"
Tran5494,"Bakery Items ,  Bulk Fruits,  Bulk Fruits"
Tran5495,"Jewelry,  Jewelry"
Tran5496,"Bakery Items ,  Bulk Fruits,  Bulk Fruits"
Tran5497,"Optical Items,  Optical Items"
Tran5499," Optical Items ,  Bulk Fruits ,  Bulk Fruits "
Tran5501,"Jewelry,  Jewelry"
Tran5502," Bakery Items ,  Optical Items,  Optical Items"
Tran5504," Bulk Vegetables ,  Tires ,  Garden Supplies,  Bulk Vegetables "
Tran5505,"Jewelry ,  Bulk Vegetables"
Tran5506,"Cleaning Supplies ,  Garden Supplies ,  Bulk Vegetables ,  Garden Supplies "
Tran5507, Garden Supplies
Tran5509,"Bulk Fruits ,  Bulk Fruits "
Tran5510," Bulk Vegetables ,  Tires ,  Garden Supplies,  Bulk Vegetables "
Tran5511,"Bulk Fruits ,  Bulk Fruits "
Tran5512,"Optical Items,  Optical Items"
Tran5513," Jewelry ,  Bulk Fruits ,  Optical Items,  Optical Items"
Tran5514," Cleaning Supplies,  Cleaning Supplies"
Tran5515,"Bakery Items ,  Garden Supplies"
Tran5516," Bulk Vegetables ,  Tires ,  Garden Supplies,  Bulk Vegetables "
Tran5517, Garden Supplies
Tran5518," Bakery Items ,  Optical Items,  Optical Items"
Tran5519,"Bakery Items ,  Garden Supplies"
Tran5520," Bakery Items ,  Optical Items,  Optical Items"
Tran5521,"Bakery Items ,  Garden Supplies"
Tran5522,"Bulk Fruits ,  Bulk Fruits "
Tran5523,"Garden Supplies ,  Tires ,  Garden Supplies "
Tran5524,"Bakery Items ,  Garden Supplies"
Tran5525,"Cleaning Supplies ,  Garden Supplies ,  Bulk Vegetables ,  Garden Supplies "
Tran5526,"Bulk Fruits ,  Bulk Fruits "
Tran5528,"Bakery Items ,  Optical Items ,  Cleaning Supplies,  Cleaning Supplies"
Tran5529," Cleaning Supplies,  Cleaning Supplies"
Tran5530,"Jewelry ,  Bulk Vegetables"
Tran5531,"Bakery Items ,  Optical Items ,  Cleaning Supplies,  Cleaning Supplies"
Tran5533," Tires,  Tires"
Tran5534,"Bulk Fruits ,  Tires ,  Jewelry,  Tires "
Tran5535,"Bulk Fruits ,  Tires ,  Jewelry,  Tires "
Tran5536,"Jewelry ,  Bulk Vegetables"
Tran5537," Optical Items ,  Bulk Fruits ,  Bulk Fruits ,  Optical Items "
Tran5538,"Bakery Items ,  Optical Items ,  Cleaning Supplies,  Cleaning Supplies"
Tran5539," Bulk Vegetables ,  Tires ,  Garden Supplies,  Bulk Vegetables "
Tran5541, Garden Supplies
Tran5543," Bakery Items ,  Optical Items,  Optical Items"
Tran5544,"Bakery Items ,  Bulk Fruits "
Tran5545,"Bakery Items ,  Garden Supplies"
Tran5546,"Bakery Items ,  Bulk Fruits "
Tran5548,"Bulk Fruits ,  Tires ,  Jewelry,  Tires ,  Jewelry"
Tran5549,"Jewelry,  Jewelry"
Tran5550,"Bulk Fruits ,  Bulk Fruits "
Tran5551,"Jewelry ,  Bulk Vegetables"
Tran5552,"Cleaning Supplies ,  Garden Supplies ,  Bulk Vegetables ,  Garden Supplies "
Tran5553,"Optical Items,  Optical Items"
Tran5554,"Optical Items,  Optical Items"
Tran5555,"Bakery Items ,  Garden Supplies"
Tran5556,"Bakery Items ,  Garden Supplies"
Tran5558,"Bakery Items ,  Bulk Fruits,  Bulk Fruits"
Tran5559,"Jewelry ,  Bulk Vegetables"
Tran5560," Optical Items ,  Bulk Fruits ,  Bulk Fruits "
Tran5561," Tires,  Tires"
Tran5562,"Garden Supplies ,  Tires ,  Garden Supplies "
Tran5563,"Jewelry ,  Bulk Vegetables"
Tran5565,"Bulk Fruits ,  Bulk Fruits "
Tran5566,"Jewelry ,  Bulk Vegetables"
Tran5567,"Garden Supplies ,  Tires ,  Garden Supplies "
Tran5568," Optical Items ,  Bulk Fruits ,  Bulk Fruits "
Tran5569,"Jewelry,  Jewelry"
Tran5570," Bakery Items ,  Optical Items,  Optical Items"
Tran5571,"Jewelry,  Jewelry"
Tran5572,"Jewelry ,  Bulk Vegetables,  Jewelry "
Tran5573,"Bulk Fruits ,  Tires ,  Jewelry,  Tires "
Tran5574,"Bulk Fruits ,  Bulk Fruits "
Tran5575,"Optical Items,  Optical Items"
Tran5576,"Jewelry,  Jewelry"
Tran5577," Jewelry ,  Bulk Fruits ,  Optical Items,  Optical Items,  Optical Items"
Tran5578,"Garden Supplies ,  Tires ,  Garden Supplies "
Tran5579,"Bakery Items ,  Bulk Fruits,  Bulk Fruits"
Tran5580," Bulk Vegetables ,  Tires ,  Garden Supplies,  Bulk Vegetables "
Tran5581,"Bulk Fruits ,  Tires ,  Jewelry,  Tires ,  Tires "
Tran5582, Garden Supplies
Tran5583,"Bakery Items ,  Optical Items ,  Cleaning Supplies,  Cleaning Supplies"
Tran5584,"Garden Supplies ,  Tires ,  Garden Supplies "
Tran5585," Optical Items ,  Bulk Fruits ,  Bulk Fruits "
Tran5586," Bulk Vegetables ,  Tires ,  Garden Supplies,  Bulk Vegetables "
Tran5587," Bulk Vegetables ,  Tires ,  Garden Supplies,  Bulk Vegetables "
Tran5589," Cleaning Supplies,  Cleaning Supplies"
Tran5590," Bulk Vegetables ,  Tires ,  Garden Supplies,  Bulk Vegetables "
Tran5591,"Bakery Items ,  Bulk Fruits "
Tran5592,"Bulk Fruits ,  Bulk Fruits "
Tran5593," Cleaning Supplies,  Cleaning Supplies"
Tran5594,"Cleaning Supplies ,  Garden Supplies ,  Bulk Vegetables ,  Garden Supplies "
Tran5595," Bakery Items ,  Optical Items,  Optical Items"
Tran5596,"Jewelry ,  Bulk Vegetables"
Tran5597,"Garden Supplies ,  Tires ,  Garden Supplies "
Tran5598, Garden Supplies
Tran5599,"Bulk Fruits ,  Bulk Fruits "
Tran5601," Bakery Items ,  Optical Items,  Optical Items"
Tran5602,"Garden Supplies ,  Tires ,  Garden Supplies "
Tran5604,"Optical Items,  Optical Items"
Tran5605," Bakery Items ,  Optical Items,  Optical Items"
Tran5606,"Bulk Fruits ,  Bulk Fruits ,  Bulk Fruits "
Tran5610,"Jewelry ,  Bulk Vegetables"
Tran5611,"Bulk Fruits ,  Tires ,  Jewelry,  Tires "
Tran5612,"Jewelry ,  Bulk Vegetables"
Tran5613," Bakery Items ,  Optical Items,  Optical Items"
Tran5614," Tires,  Tires"
Tran5615,"Cleaning Supplies ,  Garden Supplies ,  Bulk Vegetables ,  Garden Supplies "
Tran5616, Garden Supplies
Tran5617,"Bakery Items ,  Optical Items ,  Cleaning Supplies,  Cleaning Supplies"
Tran5618," Jewelry ,  Bulk Fruits ,  Optical Items,  Optical Items,  Jewelry "
Tran5619,"Jewelry ,  Bulk Vegetables"
Tran5620," Tires,  Tires"
Tran5621," Jewelry ,  Bulk Fruits ,  Optical Items,  Optical Items,  Optical Items"
Tran5622,"Cleaning Supplies ,  Garden Supplies ,  Bulk Vegetables ,  Garden Supplies "
Tran5623," Bakery Items ,  Optical Items,  Optical Items"
Tran5624," Bulk Vegetables ,  Tires ,  Garden Supplies,  Bulk Vegetables "
Tran5625, Garden Supplies
Tran5626,"Bulk Fruits ,  Bulk Fruits "
Tran5627," Bakery Items ,  Optical Items,  Optical Items"
Tran5628,"Optical Items,  Optical Items"
Tran5629," Bakery Items ,  Optical Items,  Optical Items"
Tran5630,"Bakery Items ,  Optical Items ,  Cleaning Supplies,  Cleaning Supplies"
Tran5631,"Garden Supplies ,  Tires ,  Garden Supplies "
Tran5632,"Jewelry,  Jewelry"
Tran5633,"Optical Items,  Optical Items"
Tran5634,"Jewelry,  Jewelry"
Tran5635," Cleaning Supplies,  Cleaning Supplies"
Tran5636,"Bakery Items ,  Bulk Fruits,  Bulk Fruits"
Tran5637,"Bakery Items ,  Garden Supplies"
Tran5638,"Bakery Items ,  Bulk Fruits "
Tran5639,"Jewelry ,  Bulk Vegetables"
Tran5640," Optical Items ,  Bulk Fruits ,  Bulk Fruits "
Tran5641,"Bakery Items ,  Garden Supplies"
Tran5643," Tires,  Tires"
Tran5644," Jewelry ,  Bulk Fruits ,  Optical Items,  Optical Items,  Optical Items"
Tran5645,"Garden Supplies ,  Tires ,  Garden Supplies "
Tran5646," Bulk Vegetables ,  Tires ,  Garden Supplies,  Bulk Vegetables "
Tran5647," Optical Items ,  Bulk Fruits ,  Bulk Fruits "
Tran5648,"Garden Supplies ,  Tires ,  Garden Supplies "
Tran5649," Bulk Vegetables ,  Tires ,  Garden Supplies,  Bulk Vegetables "
Tran5650,"Bulk Fruits ,  Bulk Fruits "
Tran5651,"Bakery Items ,  Bulk Fruits "
Tran5652,"Bakery Items ,  Bulk Fruits,  Bulk Fruits"
Tran5653,"Bulk Fruits ,  Tires ,  Jewelry,  Tires "
Tran5654,"Cleaning Supplies ,  Garden Supplies ,  Bulk Vegetables ,  Garden Supplies "
Tran5655,"Jewelry ,  Bulk Vegetables"
Tran5656," Bakery Items ,  Optical Items,  Optical Items"
Tran5657, Garden Supplies
Tran5658,"Optical Items,  Optical Items"
Tran5660," Bulk Vegetables ,  Tires ,  Garden Supplies,  Bulk Vegetables "
Tran5661,"Optical Items,  Optical Items,  Optical Items"
Tran5662," Tires,  Tires"
Tran5663,"Cleaning Supplies ,  Garden Supplies ,  Bulk Vegetables ,  Garden Supplies "
Tran5664,"Bakery Items ,  Optical Items ,  Cleaning Supplies,  Cleaning Supplies"
Tran5665,"Optical Items,  Optical Items"
Tran5666,"Bakery Items ,  Bulk Fruits,  Bulk Fruits"
Tran5667," Bakery Items ,  Optical Items,  Optical Items"
Tran5668," Bakery Items ,  Optical Items,  Optical Items"
Tran5669," Bulk Vegetables ,  Tires ,  Garden Supplies,  Bulk Vegetables "
Tran5670,"Garden Supplies ,  Tires ,  Garden Supplies "
Tran5671," Tires,  Tires,  Tires"
Tran5672," Tires,  Tires"
Tran5673,"Bulk Fruits ,  Tires ,  Jewelry,  Tires "
Tran5676," Tires,  Tires"
Tran5677,"Bakery Items ,  Bulk Fruits "
Tran5678,"Optical Items,  Optical Items"
Tran5679,"Bakery Items ,  Bulk Fruits "
Tran5680,"Bulk Fruits ,  Bulk Fruits "
Tran5681,"Bulk Fruits ,  Bulk Fruits "
Tran5682," Bakery Items ,  Optical Items,  Optical Items,  Optical Items"
Tran5683,"Bakery Items ,  Bulk Fruits,  Bulk Fruits"
Tran5684,"Bakery Items ,  Bulk Fruits,  Bulk Fruits"
Tran5685,"Bakery Items ,  Garden Supplies"
Tran5686,"Bakery Items ,  Garden Supplies"
Tran5687,"Cleaning Supplies ,  Garden Supplies ,  Bulk Vegetables ,  Garden Supplies "
Tran5688,"Bakery Items ,  Bulk Fruits,  Bulk Fruits"
Tran5689,"Bulk Fruits ,  Tires ,  Jewelry,  Tires ,  Jewelry"
Tran5690," Optical Items ,  Bulk Fruits ,  Bulk Fruits "
Tran5691,"Bakery Items ,  Bulk Fruits,  Bulk Fruits"
Tran5692," Cleaning Supplies,  Cleaning Supplies"
Tran5693,"Bakery Items ,  Optical Items ,  Cleaning Supplies,  Cleaning Supplies"
Tran5694,"Bulk Fruits ,  Bulk Fruits "
Tran5695,"Optical Items,  Optical Items"
Tran5696,"Jewelry,  Jewelry"
Tran5697,"Bulk Fruits ,  Tires ,  Jewelry,  Tires "
Tran5698," Cleaning Supplies,  Cleaning Supplies"
Tran5699,"Jewelry ,  Bulk Vegetables"
Tran5700," Cleaning Supplies,  Cleaning Supplies"
Tran5701,"Bakery Items ,  Garden Supplies"
Tran5702," Bulk Vegetables ,  Tires ,  Garden Supplies,  Bulk Vegetables "
Tran5703,"Bakery Items ,  Bulk Fruits "
Tran5704,"Cleaning Supplies ,  Garden Supplies ,  Bulk Vegetables ,  Garden Supplies "
Tran5705," Optical Items ,  Bulk Fruits ,  Bulk Fruits "
Tran5706,"Optical Items,  Optical Items"
Tran5707," Bakery Items ,  Optical Items,  Optical Items"
Tran5708," Cleaning Supplies,  Cleaning Supplies"
Tran5709," Bulk Vegetables ,  Tires ,  Garden Supplies,  Bulk Vegetables "
Tran5710,"Jewelry ,  Bulk Vegetables"
Tran5711,"Jewelry,  Jewelry"
Tran5712,"Jewelry ,  Bulk Vegetables"
Tran5713,"Bulk Fruits ,  Tires ,  Jewelry,  Tires "
Tran5714,"Bakery Items ,  Optical Items ,  Cleaning Supplies,  Cleaning Supplies"
Tran5715,"Bakery Items ,  Garden Supplies"
Tran5716,"Bakery Items ,  Bulk Fruits "
Tran5719,"Bakery Items ,  Garden Supplies"
Tran5720," Cleaning Supplies,  Cleaning Supplies"
Tran5721,"Bakery Items ,  Bulk Fruits "
Tran5723, Garden Supplies
Tran5724,"Bulk Fruits ,  Tires ,  Jewelry,  Tires "
Tran5725,"Bakery Items ,  Bulk Fruits,  Bulk Fruits"
Tran5726,"Jewelry ,  Bulk Vegetables"
Tran5727,"Bulk Fruits ,  Tires ,  Jewelry,  Tires "
Tran5729,"Bakery Items ,  Bulk Fruits "
Tran5730,"Bulk Fruits ,  Tires ,  Jewelry,  Tires "
Tran5731,"Optical Items,  Optical Items"
Tran5732,"Bakery Items ,  Bulk Fruits,  Bulk Fruits,  Bulk Fruits"
Tran5733,"Jewelry,  Jewelry"
Tran5734," Optical Items ,  Bulk Fruits ,  Bulk Fruits "
Tran5735,"Bakery Items ,  Optical Items ,  Cleaning Supplies,  Cleaning Supplies"
Tran5736,"Bulk Fruits ,  Bulk Fruits "
Tran5737,"Garden Supplies ,  Tires ,  Garden Supplies "
Tran5738," Tires,  Tires"
Tran5739," Cleaning Supplies,  Cleaning Supplies"
Tran5740,"Jewelry,  Jewelry"
Tran5742," Bulk Vegetables ,  Tires ,  Garden Supplies,  Bulk Vegetables "
Tran5743,"Jewelry ,  Bulk Vegetables"
Tran5744," Jewelry ,  Bulk Fruits ,  Optical Items,  Optical Items"
Tran5746,"Bulk Fruits ,  Tires ,  Jewelry,  Tires "
Tran5747," Jewelry ,  Bulk Fruits ,  Optical Items,  Optical Items"
Tran5748,"Bakery Items ,  Bulk Fruits "
Tran5749,"Bulk Fruits ,  Tires ,  Jewelry,  Tires "
Tran5750," Tires,  Tires"
Tran5751,"Bulk Fruits ,  Tires ,  Jewelry,  Tires "
Tran5752,"Bulk Fruits ,  Bulk Fruits "
Tran5753,"Bulk Fruits ,  Bulk Fruits "
Tran5754,"Bakery Items ,  Optical Items ,  Cleaning Supplies,  Cleaning Supplies"
Tran5755,"Bakery Items ,  Bulk Fruits "
Tran5756,"Bakery Items ,  Optical Items ,  Cleaning Supplies,  Cleaning Supplies"
Tran5758," Bakery Items ,  Optical Items,  Optical Items,  Optical Items"
Tran5759,"Jewelry ,  Bulk Vegetables"
Tran5761," Bulk Vegetables ,  Tires ,  Garden Supplies,  Bulk Vegetables "
Tran5762," Bakery Items ,  Optical Items,  Optical Items"
Tran5763," Optical Items ,  Bulk Fruits ,  Bulk Fruits ,  Bulk Fruits "
Tran5764," Bakery Items ,  Optical Items,  Optical Items"
Tran5765," Cleaning Supplies,  Cleaning Supplies"
Tran5766," Jewelry ,  Bulk Fruits ,  Optical Items,  Optical Items"
Tran5767,"Jewelry ,  Bulk Vegetables"
Tran5768,"Cleaning Supplies ,  Garden Supplies ,  Bulk Vegetables ,  Garden Supplies "
Tran5769,"Optical Items,  Optical Items"
Tran5770,"Jewelry ,  Bulk Vegetables"
Tran5771," Bakery Items ,  Optical Items,  Optical Items"
Tran5772," Bakery Items ,  Optical Items,  Optical Items"
Tran5773,"Bakery Items ,  Bulk Fruits,  Bulk Fruits"
Tran5774,"Bulk Fruits ,  Bulk Fruits "
Tran5775," Optical Items ,  Bulk Fruits ,  Bulk Fruits "
Tran5777," Jewelry ,  Bulk Fruits ,  Optical Items,  Optical Items"
Tran5778,"Cleaning Supplies ,  Garden Supplies ,  Bulk Vegetables ,  Garden Supplies "
Tran5779," Optical Items ,  Bulk Fruits ,  Bulk Fruits "
Tran5780,"Bakery Items ,  Bulk Fruits "
Tran5781,"Bakery Items ,  Bulk Fruits,  Bulk Fruits"
Tran5782,"Bakery Items ,  Garden Supplies"
Tran5783,"Bulk Fruits ,  Bulk Fruits "
Tran5785,"Bulk Fruits ,  Tires ,  Jewelry,  Tires "
Tran5786,"Bakery Items ,  Garden Supplies"
Tran5787,"Bulk Fruits ,  Tires ,  Jewelry,  Tires "
Tran5788,"Jewelry,  Jewelry"
Tran5789,"Bakery Items ,  Bulk Fruits,  Bulk Fruits"
Tran5790," Cleaning Supplies,  Cleaning Supplies"
Tran5791,"Optical Items,  Optical Items"
Tran5792,"Bakery Items ,  Bulk Fruits,  Bulk Fruits"
Tran5793," Cleaning Supplies,  Cleaning Supplies"
Tran5794,"Jewelry ,  Bulk Vegetables,  Bulk Vegetables"
Tran5795,"Bakery Items ,  Bulk Fruits,  Bulk Fruits"
Tran5796,"Bakery Items ,  Garden Supplies"
Tran5797,"Bakery Items ,  Bulk Fruits,  Bulk Fruits"
Tran5798,"Bulk Fruits ,  Bulk Fruits "
Tran5799," Optical Items ,  Bulk Fruits ,  Bulk Fruits "
Tran5800,"Jewelry,  Jewelry"
Tran5801," Optical Items ,  Bulk Fruits ,  Bulk Fruits "
Tran5803," Bakery Items ,  Optical Items,  Optical Items"
Tran5804," Bakery Items ,  Optical Items,  Optical Items"
Tran5805," Bulk Vegetables ,  Tires ,  Garden Supplies,  Bulk Vegetables "
Tran5806, Garden Supplies
Tran5807," Bakery Items ,  Optical Items,  Optical Items"
Tran5808,"Optical Items,  Optical Items"
Tran5809,"Jewelry ,  Bulk Vegetables"
Tran5810,"Bakery Items ,  Optical Items ,  Cleaning Supplies,  Cleaning Supplies"
Tran5811,"Bakery Items ,  Bulk Fruits "
Tran5812, Garden Supplies
Tran5813,"Garden Supplies ,  Tires ,  Garden Supplies "
Tran5814,"Cleaning Supplies ,  Garden Supplies ,  Bulk Vegetables ,  Garden Supplies "
Tran5815,"Cleaning Supplies ,  Garden Supplies ,  Bulk Vegetables ,  Garden Supplies "
Tran5816," Cleaning Supplies,  Cleaning Supplies"
Tran5817,"Bulk Fruits ,  Tires ,  Jewelry,  Tires "
Tran5818," Bakery Items ,  Optical Items,  Optical Items"
Tran5819,"Bakery Items ,  Bulk Fruits,  Bulk Fruits"
Tran5820," Optical Items ,  Bulk Fruits ,  Bulk Fruits "
Tran5821," Cleaning Supplies,  Cleaning Supplies"
Tran5822,"Bakery Items ,  Garden Supplies"
Tran5823,"Optical Items,  Optical Items"
Tran5825," Bulk Vegetables ,  Tires ,  Garden Supplies,  Bulk Vegetables "
Tran5826,"Bulk Fruits ,  Bulk Fruits "
Tran5827," Tires,  Tires"
Tran5828,"Bulk Fruits ,  Tires ,  Jewelry,  Tires ,  Tires "
Tran5829,"Garden Supplies ,  Tires ,  Garden Supplies "
Tran5830,"Jewelry,  Jewelry"
Tran5831,"Jewelry ,  Bulk Vegetables"
Tran5832," Bakery Items ,  Optical Items,  Optical Items"
Tran5833,"Bakery Items ,  Optical Items ,  Cleaning Supplies,  Cleaning Supplies"
Tran5834,"Bakery Items ,  Garden Supplies"
Tran5835,"Bakery Items ,  Optical Items ,  Cleaning Supplies,  Cleaning Supplies"
Tran5836,"Bakery Items ,  Optical Items ,  Cleaning Supplies,  Cleaning Supplies"
Tran5837," Tires,  Tires"
Tran5838, Garden Supplies
Tran5839,"Bakery Items ,  Garden Supplies"
Tran5840,"Bakery Items ,  Bulk Fruits "
Tran5841,"Bakery Items ,  Optical Items ,  Cleaning Supplies,  Cleaning Supplies,  Cleaning Supplies"
Tran5843,"Bakery Items ,  Optical Items ,  Cleaning Supplies,  Cleaning Supplies"
Tran5844," Jewelry ,  Bulk Fruits ,  Optical Items,  Optical Items"
Tran5846," Bulk Vegetables ,  Tires ,  Garden Supplies,  Bulk Vegetables "
Tran5847," Cleaning Supplies,  Cleaning Supplies"
Tran5848," Cleaning Supplies,  Cleaning Supplies"
Tran5849,"Bulk Fruits ,  Tires ,  Jewelry,  Tires "
Tran5850," Jewelry ,  Bulk Fruits ,  Optical Items,  Optical Items"
Tran5852," Bulk Vegetables ,  Tires ,  Garden Supplies,  Bulk Vegetables "
Tran5853,"Bakery Items ,  Garden Supplies"
Tran5854, Garden Supplies
Tran5855,"Jewelry ,  Bulk Vegetables"
Tran5856, Garden Supplies
Tran5857," Bakery Items ,  Optical Items,  Optical Items"
Tran5858,"Jewelry,  Jewelry"
Tran5859,"Bakery Items ,  Bulk Fruits "
Tran5860,"Bakery Items ,  Optical Items ,  Cleaning Supplies,  Cleaning Supplies"
Tran5861,"Cleaning Supplies ,  Garden Supplies ,  Bulk Vegetables ,  Garden Supplies "
Tran5862,"Bulk Fruits ,  Tires ,  Jewelry,  Tires ,  Bulk Fruits "
Tran5863,"Bakery Items ,  Bulk Fruits "
Tran5864," Bulk Vegetables ,  Tires ,  Garden Supplies,  Bulk Vegetables "
Tran5866, Garden Supplies
Tran5867,"Bakery Items ,  Bulk Fruits "
Tran5868," Bakery Items ,  Optical Items,  Optical Items"
Tran5869,"Bakery Items ,  Garden Supplies"
Tran5870,"Bakery Items ,  Optical Items ,  Cleaning Supplies,  Cleaning Supplies"
Tran5871,"Optical Items,  Optical Items"
Tran5872," Cleaning Supplies,  Cleaning Supplies"
Tran5873," Tires,  Tires"
Tran5874,"Bakery Items ,  Bulk Fruits "
Tran5875,"Jewelry,  Jewelry"
Tran5876," Jewelry ,  Bulk Fruits ,  Optical Items,  Optical Items"
Tran5877," Bakery Items ,  Optical Items,  Optical Items"
Tran5878,"Bulk Fruits ,  Bulk Fruits ,  Bulk Fruits "
Tran5879,"Cleaning Supplies ,  Garden Supplies ,  Bulk Vegetables ,  Garden Supplies "
Tran5880," Bakery Items ,  Optical Items,  Optical Items"
Tran5881,"Garden Supplies ,  Tires ,  Garden Supplies "
Tran5882,"Bakery Items ,  Bulk Fruits,  Bulk Fruits"
Tran5883," Optical Items ,  Bulk Fruits ,  Bulk Fruits "
Tran5884,"Bakery Items ,  Optical Items ,  Cleaning Supplies,  Cleaning Supplies"
Tran5885," Tires,  Tires"
Tran5886, Garden Supplies
Tran5888,"Garden Supplies ,  Tires ,  Garden Supplies "
Tran5890," Optical Items ,  Bulk Fruits ,  Bulk Fruits "
Tran5891,"Cleaning Supplies ,  Garden Supplies ,  Bulk Vegetables ,  Garden Supplies "
Tran5892," Jewelry ,  Bulk Fruits ,  Optical Items,  Optical Items,  Bulk Fruits "
Tran5893,"Bakery Items ,  Garden Supplies"
Tran5894,"Bakery Items ,  Bulk Fruits "
Tran5895,"Bakery Items ,  Bulk Fruits,  Bulk Fruits"
Tran5896," Optical Items ,  Bulk Fruits ,  Bulk Fruits "
Tran5897,"Jewelry,  Jewelry"
Tran5898," Jewelry ,  Bulk Fruits ,  Optical Items,  Optical Items"
Tran5900,"Garden Supplies ,  Tires ,  Garden Supplies "
Tran5901, Garden Supplies
Tran5902,"Bakery Items ,  Garden Supplies"
Tran5903,"Optical Items,  Optical Items"
Tran5904," Bakery Items ,  Optical Items,  Optical Items,  Bakery Items "
Tran5906," Bulk Vegetables ,  Tires ,  Garden Supplies,  Bulk Vegetables ,  Bulk Vegetables "
Tran5908," Cleaning Supplies,  Cleaning Supplies"
Tran5909,"Jewelry,  Jewelry"
Tran5912,"Bakery Items ,  Garden Supplies"
Tran5914,"Cleaning Supplies ,  Garden Supplies ,  Bulk Vegetables ,  Garden Supplies "
Tran5915,"Optical Items,  Optical Items"
Tran5916,"Bakery Items ,  Bulk Fruits,  Bulk Fruits"
Tran5917," Optical Items ,  Bulk Fruits ,  Bulk Fruits "
Tran5918,"Jewelry ,  Bulk Vegetables"
Tran5919,"Bulk Fruits ,  Tires ,  Jewelry,  Tires "
Tran5920,"Jewelry ,  Bulk Vegetables"
Tran5921," Bakery Items ,  Optical Items,  Optical Items"
Tran5922,"Bulk Fruits ,  Tires ,  Jewelry,  Tires ,  Tires "
Tran5923,"Garden Supplies ,  Tires ,  Garden Supplies "
Tran5924," Tires,  Tires"
Tran5925," Bulk Vegetables ,  Tires ,  Garden Supplies,  Bulk Vegetables ,  Garden Supplies"
Tran5926,"Bakery Items ,  Optical Items ,  Cleaning Supplies,  Cleaning Supplies"
Tran5927,"Bakery Items ,  Bulk Fruits "
Tran5928,"Jewelry,  Jewelry"
Tran5931,"Bakery Items ,  Bulk Fruits ,  Bakery Items "
Tran5932," Jewelry ,  Bulk Fruits ,  Optical Items,  Optical Items"
Tran5933,"Bakery Items ,  Garden Supplies"
Tran5934,"Bulk Fruits ,  Bulk Fruits "
Tran5935, Garden Supplies
Tran5936,"Bulk Fruits ,  Bulk Fruits "
Tran5938,"Bakery Items ,  Garden Supplies"
Tran5939," Cleaning Supplies,  Cleaning Supplies"
Tran5940,"Bulk Fruits ,  Bulk Fruits "
Tran5941," Bulk Vegetables ,  Tires ,  Garden Supplies,  Bulk Vegetables "
Tran5942,"Bakery Items ,  Bulk Fruits,  Bulk Fruits"
Tran5943,"Garden Supplies ,  Tires ,  Garden Supplies ,  Tires "
Tran5944,"Jewelry ,  Bulk Vegetables"
Tran5945,"Bakery Items ,  Bulk Fruits,  Bulk Fruits"
Tran5946,"Bakery Items ,  Bulk Fruits "
Tran5948," Bulk Vegetables ,  Tires ,  Garden Supplies,  Bulk Vegetables "
Tran5949,"Bakery Items ,  Garden Supplies"
Tran5950," Bulk Vegetables ,  Tires ,  Garden Supplies,  Bulk Vegetables "
Tran5951,"Bulk Fruits ,  Bulk Fruits ,  Bulk Fruits "
Tran5952,"Bakery Items ,  Optical Items ,  Cleaning Supplies,  Cleaning Supplies"
Tran5953," Optical Items ,  Bulk Fruits ,  Bulk Fruits "
Tran5955," Bakery Items ,  Optical Items,  Optical Items"
Tran5956, Garden Supplies
Tran5958,"Bulk Fruits ,  Bulk Fruits "
Tran5959," Bulk Vegetables ,  Tires ,  Garden Supplies,  Bulk Vegetables "
Tran5960,"Bakery Items ,  Optical Items ,  Cleaning Supplies,  Cleaning Supplies"
Tran5961,"Jewelry ,  Bulk Vegetables"
Tran5962,"Optical Items,  Optical Items"
Tran5964," Jewelry ,  Bulk Fruits ,  Optical Items,  Optical Items"
Tran5965," Jewelry ,  Bulk Fruits ,  Optical Items,  Optical Items"
Tran5966," Bulk Vegetables ,  Tires ,  Garden Supplies,  Bulk Vegetables "
Tran5967,"Bakery Items ,  Garden Supplies"
Tran5968,"Optical Items,  Optical Items"
Tran5969," Jewelry ,  Bulk Fruits ,  Optical Items,  Optical Items"
Tran5970,"Bakery Items ,  Bulk Fruits "
Tran5971,"Cleaning Supplies ,  Garden Supplies ,  Bulk Vegetables ,  Garden Supplies "
Tran5972,"Cleaning Supplies ,  Garden Supplies ,  Bulk Vegetables ,  Garden Supplies "
Tran5973,"Optical Items,  Optical Items"
Tran5974,"Jewelry ,  Bulk Vegetables,  Jewelry "
Tran5975,"Jewelry,  Jewelry"
Tran5976,"Bakery Items ,  Bulk Fruits,  Bulk Fruits"
Tran5977, Garden Supplies
Tran5979, Garden Supplies
Tran5980," Cleaning Supplies,  Cleaning Supplies"
Tran5981,"Cleaning Supplies ,  Garden Supplies ,  Bulk Vegetables ,  Garden Supplies "
Tran5982,"Cleaning Supplies ,  Garden Supplies ,  Bulk Vegetables ,  Garden Supplies "
Tran5983,"Bakery Items ,  Bulk Fruits,  Bulk Fruits"
Tran5984," Optical Items ,  Bulk Fruits ,  Bulk Fruits "
Tran5985, Garden Supplies
Tran5986,"Jewelry ,  Bulk Vegetables"
Tran5987," Bakery Items ,  Optical Items,  Optical Items"
Tran5988,"Bakery Items ,  Garden Supplies"
Tran5989,"Jewelry,  Jewelry"
Tran5990,"Bulk Fruits ,  Tires ,  Jewelry,  Tires "
Tran5991,"Bakery Items ,  Bulk Fruits "
Tran5992,"Bulk Fruits ,  Bulk Fruits "
Tran5993,"Bulk Fruits ,  Tires ,  Jewelry,  Tires "
Tran5994," Optical Items ,  Bulk Fruits ,  Bulk Fruits "
Tran5995,"Bakery Items ,  Garden Supplies"
Tran5996,"Optical Items,  Optical Items"
Tran5997,"Garden Supplies ,  Tires ,  Garden Supplies "
Tran5998," Bulk Vegetables ,  Tires ,  Garden Supplies,  Bulk Vegetables "
Tran5999,"Jewelry ,  Bulk Vegetables"
Tran6000,"Optical Items,  Optical Items"
Tran6001,"Bakery Items ,  Bulk Fruits,  Bulk Fruits"
Tran6002," Bakery Items ,  Optical Items,  Optical Items"
Tran6003," Tires,  Tires"
Tran6004," Bulk Vegetables ,  Tires ,  Garden Supplies,  Bulk Vegetables "
Tran6005," Jewelry ,  Bulk Fruits ,  Optical Items,  Optical Items"
Tran6006," Tires,  Tires"
Tran6007," Bakery Items ,  Optical Items,  Optical Items"
Tran6008,"Bakery Items ,  Garden Supplies"
Tran6009," Jewelry ,  Bulk Fruits ,  Optical Items,  Optical Items"
Tran6010," Jewelry ,  Bulk Fruits ,  Optical Items,  Optical Items"
Tran6011,"Bakery Items ,  Optical Items ,  Cleaning Supplies,  Cleaning Supplies"
Tran6012,"Bakery Items ,  Bulk Fruits "
Tran6013,"Bakery Items ,  Garden Supplies"
Tran6014,"Bulk Fruits ,  Tires ,  Jewelry,  Tires "
Tran6015," Jewelry ,  Bulk Fruits ,  Optical Items,  Optical Items"
Tran6016,"Jewelry,  Jewelry"
Tran6017," Bakery Items ,  Optical Items,  Optical Items"
Tran6018,"Garden Supplies ,  Tires ,  Garden Supplies "
Tran6019,"Cleaning Supplies ,  Garden Supplies ,  Bulk Vegetables ,  Garden Supplies "
Tran6020," Bulk Vegetables ,  Tires ,  Garden Supplies,  Bulk Vegetables "
Tran5021,"Bulk Fruits ,  Bulk Fruits "
Tran5022," Jewelry ,  Bulk Fruits ,  Optical Items,  Optical Items"
Tran5024,"Bakery Items ,  Optical Items ,  Cleaning Supplies,  Cleaning Supplies,  Cleaning Supplies"
Tran5025,"Bakery Items ,  Bulk Fruits,  Bulk Fruits"
Tran5026,"Garden Supplies ,  Tires ,  Garden Supplies "
Tran5027,"Cleaning Supplies ,  Garden Supplies ,  Bulk Vegetables ,  Garden Supplies "
Tran5028,"Bakery Items ,  Optical Items ,  Cleaning Supplies,  Cleaning Supplies"
Tran5029," Bakery Items ,  Optical Items,  Optical Items,  Optical Items"
Tran5030,"Cleaning Supplies ,  Garden Supplies ,  Bulk Vegetables ,  Garden Supplies "
Tran5031,"Jewelry ,  Bulk Vegetables"
Tran5032,"Bakery Items ,  Bulk Fruits,  Bulk Fruits"
Tran5033," Optical Items ,  Bulk Fruits ,  Bulk Fruits "
Tran5034," Cleaning Supplies,  Cleaning Supplies"
Tran5035," Tires,  Tires"
Tran5036," Jewelry ,  Bulk Fruits ,  Optical Items,  Optical Items"
Tran5037,"Bakery Items ,  Garden Supplies"
Tran5038,"Bulk Fruits ,  Tires ,  Jewelry,  Tires "
Tran5039,"Bakery Items ,  Bulk Fruits "
Tran5040," Bakery Items ,  Optical Items,  Optical Items"
Tran5042,"Bulk Fruits ,  Bulk Fruits "
Tran5043,"Bakery Items ,  Garden Supplies"
Tran5044," Jewelry ,  Bulk Fruits ,  Optical Items,  Optical Items"
Tran5045,"Bakery Items ,  Optical Items ,  Cleaning Supplies,  Cleaning Supplies"
Tran5046,"Optical Items,  Optical Items"
Tran5047,"Optical Items,  Optical Items"
Tran5048," Bulk Vegetables ,  Tires ,  Garden Supplies,  Bulk Vegetables "
Tran5049,"Bakery Items ,  Bulk Fruits "
Tran5050," Bulk Vegetables ,  Tires ,  Garden Supplies,  Bulk Vegetables "
Tran5051,"Bakery Items ,  Bulk Fruits "
Tran5053,"Bakery Items ,  Bulk Fruits,  Bulk Fruits"
Tran5054,"Bulk Fruits ,  Bulk Fruits "
Tran5055," Bakery Items ,  Optical Items,  Optical Items"
Tran5056," Bakery Items ,  Optical Items,  Optical Items"
Tran5057," Cleaning Supplies,  Cleaning Supplies"
Tran5059," Cleaning Supplies,  Cleaning Supplies"
Tran5060,"Bakery Items ,  Bulk Fruits "
Tran5061," Jewelry ,  Bulk Fruits ,  Optical Items,  Optical Items"
Tran5062,"Jewelry ,  Bulk Vegetables"
Tran5063," Optical Items ,  Bulk Fruits ,  Bulk Fruits "
Tran5064," Jewelry ,  Bulk Fruits ,  Optical Items,  Optical Items"
Tran5065,"Optical Items,  Optical Items"
Tran5066,"Bakery Items ,  Garden Supplies"
Tran5067," Optical Items ,  Bulk Fruits ,  Bulk Fruits "
Tran5068,"Bulk Fruits ,  Tires ,  Jewelry,  Tires "
Tran5069,"Bakery Items ,  Garden Supplies"
Tran5070,"Bakery Items ,  Optical Items ,  Cleaning Supplies,  Cleaning Supplies"
Tran5072,"Jewelry ,  Bulk Vegetables"
Tran5073,"Bulk Fruits ,  Tires ,  Jewelry,  Tires "
Tran5075,"Bakery Items ,  Optical Items ,  Cleaning Supplies,  Cleaning Supplies"
Tran5076,"Garden Supplies ,  Tires ,  Garden Supplies "
Tran5078,"Optical Items,  Optical Items"
Tran5079,"Bulk Fruits ,  Bulk Fruits "
Tran5080,"Optical Items,  Optical Items"
Tran5081,"Bulk Fruits ,  Bulk Fruits "
Tran5082,"Cleaning Supplies ,  Garden Supplies ,  Bulk Vegetables ,  Garden Supplies "
Tran5083,"Bulk Fruits ,  Bulk Fruits "
Tran5084,"Bulk Fruits ,  Bulk Fruits "
Tran5085,"Bakery Items ,  Bulk Fruits,  Bulk Fruits"
Tran5086,"Garden Supplies ,  Tires ,  Garden Supplies ,  Garden Supplies "
Tran5087,"Optical Items,  Optical Items"
Tran5088,"Bakery Items ,  Bulk Fruits "
Tran5089,"Jewelry,  Jewelry"
Tran5090," Jewelry ,  Bulk Fruits ,  Optical Items,  Optical Items"
Tran5091,"Jewelry ,  Bulk Vegetables"
Tran5092,"Garden Supplies ,  Tires ,  Garden Supplies "
Tran5093,"Bakery Items ,  Optical Items ,  Cleaning Supplies,  Cleaning Supplies"
Tran5094,"Jewelry ,  Bulk Vegetables"
Tran5095," Bakery Items ,  Optical Items,  Optical Items"
Tran5096,"Bulk Fruits ,  Tires ,  Jewelry,  Tires "
Tran5097," Jewelry ,  Bulk Fruits ,  Optical Items,  Optical Items"
Tran5098,"Garden Supplies ,  Tires ,  Garden Supplies "
Tran5099," Optical Items ,  Bulk Fruits ,  Bulk Fruits "
Tran5100," Bulk Vegetables ,  Tires ,  Garden Supplies,  Bulk Vegetables "
Tran5101, Garden Supplies
Tran5103,"Bulk Fruits ,  Bulk Fruits "
Tran5105,"Jewelry ,  Bulk Vegetables"
Tran5106,"Garden Supplies ,  Tires ,  Garden Supplies "
Tran5108,"Bulk Fruits ,  Tires ,  Jewelry,  Tires "
Tran5109,"Bakery Items ,  Bulk Fruits "
Tran5110,"Bakery Items ,  Optical Items ,  Cleaning Supplies,  Cleaning Supplies"
Tran5111,"Bakery Items ,  Optical Items ,  Cleaning Supplies,  Cleaning Supplies"
Tran5112,"Bakery Items ,  Optical Items ,  Cleaning Supplies,  Cleaning Supplies"
Tran5113,"Jewelry ,  Bulk Vegetables"
Tran5114,"Cleaning Supplies ,  Garden Supplies ,  Bulk Vegetables ,  Garden Supplies "
Tran5115,"Cleaning Supplies ,  Garden Supplies ,  Bulk Vegetables ,  Garden Supplies "
Tran5117,"Jewelry,  Jewelry"
Tran5118,"Bakery Items ,  Optical Items ,  Cleaning Supplies,  Cleaning Supplies"
Tran5119,"Bulk Fruits ,  Bulk Fruits "
Tran5120,"Jewelry ,  Bulk Vegetables"
Tran5121," Bakery Items ,  Optical Items,  Optical Items"
Tran5122,"Bakery Items ,  Bulk Fruits,  Bulk Fruits"
Tran5123,"Bakery Items ,  Bulk Fruits,  Bulk Fruits"
Tran5124,"Bulk Fruits ,  Bulk Fruits "
Tran5125,"Optical Items,  Optical Items"
Tran5126, Garden Supplies
Tran5128,"Bakery Items ,  Optical Items ,  Cleaning Supplies,  Cleaning Supplies"
Tran5129," Bakery Items ,  Optical Items,  Optical Items"
Tran5130,"Jewelry ,  Bulk Vegetables"
Tran5131,"Cleaning Supplies ,  Garden Supplies ,  Bulk Vegetables ,  Garden Supplies "
Tran5132,"Bakery Items ,  Bulk Fruits "
Tran5133,"Jewelry,  Jewelry"
Tran5135, Garden Supplies
Tran5136,"Garden Supplies ,  Tires ,  Garden Supplies "
