Transaction ID,Filtered Transaction
Tran4021,"Cold and Flu Medicine ,  First Aid Supplies,  First Aid Supplies,  First Aid Supplies"
Tran4024,"Band-Aids ,  First Aid Supplies ,  First Aid Supplies "
Tran4025,"Toothpaste ,  Band-Aids,  Toothpaste "
Tran4027,"Cold and Flu Medicine ,  Thermometer,  Thermometer"
Tran4028,"Blood Pressure Monitor ,  Thermometer,  Blood Pressure Monitor "
Tran4029," Band-Aids ,  Toothpaste ,  Insect Repellent ,  First Aid Supplies,  Insect Repellent "
Tran4030,Blood Pressure Monitor 
Tran4031,"Cold and Flu Medicine ,  First Aid Supplies,  First Aid Supplies"
Tran4032,"Cold and Flu Medicine ,  Insect Repellent ,  Blood Pressure Monitor,  Cold and Flu Medicine "
Tran4033," Toothpaste,  Toothpaste"
Tran4034," Band-Aids ,  Toothpaste ,  Insect Repellent ,  First Aid Supplies,  Insect Repellent "
Tran4035,"Band-Aids ,  Cold and Flu Medicine ,  Blood Pressure Monitor,  Band-Aids "
Tran4036," Band-Aids ,  Toothpaste ,  Insect Repellent ,  First Aid Supplies,  Insect Repellent "
Tran4037,Blood Pressure Monitor 
Tran4038,"Cold and Flu Medicine ,  Thermometer,  Thermometer"
Tran4039, Insect Repellent 
Tran4040,"Band-Aids ,  First Aid Supplies ,  First Aid Supplies "
Tran4041, Insect Repellent 
Tran4042,"Cold and Flu Medicine ,  Thermometer,  Thermometer"
Tran4043,Blood Pressure Monitor 
Tran4044,"Eye Drops ,  Eye Drops "
Tran4045,"Band-Aids ,  Cold and Flu Medicine ,  Blood Pressure Monitor,  Band-Aids "
Tran4046,"Cold and Flu Medicine ,  Insect Repellent ,  Blood Pressure Monitor,  Cold and Flu Medicine "
Tran4047,"Cold and Flu Medicine ,  Thermometer,  Thermometer"
Tran4049,"Eye Drops ,  Blood Pressure Monitor ,  Eye Drops "
Tran4050," Toothpaste,  Toothpaste,  Toothpaste"
Tran4051," Band-Aids ,  Toothpaste ,  Insect Repellent ,  First Aid Supplies,  Insect Repellent "
Tran4052, Insect Repellent 
Tran4054,"First Aid Supplies ,  Thermometer,  Thermometer"
Tran4055,"Blood Pressure Monitor ,  Thermometer,  Blood Pressure Monitor "
Tran4056, Insect Repellent 
Tran4057," Band-Aids ,  Toothpaste ,  Insect Repellent ,  First Aid Supplies,  Insect Repellent "
Tran4058," Band-Aids ,  Toothpaste ,  Insect Repellent ,  First Aid Supplies,  Insect Repellent "
Tran4059,"Cold and Flu Medicine ,  Insect Repellent ,  Blood Pressure Monitor,  Cold and Flu Medicine "
Tran4060,"Blood Pressure Monitor ,  Thermometer,  Blood Pressure Monitor "
Tran4061,"Cold and Flu Medicine ,  Thermometer,  Thermometer"
Tran4062,"Eye Drops ,  Eye Drops "
Tran4063,Blood Pressure Monitor 
Tran4064,"Cold and Flu Medicine ,  First Aid Supplies,  First Aid Supplies"
Tran4065,"Cold and Flu Medicine ,  First Aid Supplies,  First Aid Supplies"
Tran4066," Toothpaste,  Toothpaste"
Tran4068," Thermometer ,  Eye Drops "
Tran4069,"First Aid Supplies ,  Thermometer,  Thermometer"
Tran4070,"Band-Aids ,  First Aid Supplies ,  First Aid Supplies "
Tran4071,"Cold and Flu Medicine ,  First Aid Supplies,  First Aid Supplies"
Tran4072,"Eye Drops ,  Eye Drops "
Tran4073,"Toothpaste ,  Band-Aids,  Toothpaste "
Tran4075,"Blood Pressure Monitor ,  Blood Pressure Monitor "
Tran4076,"Eye Drops ,  Blood Pressure Monitor ,  Eye Drops "
Tran4078," Band-Aids ,  Toothpaste ,  Insect Repellent ,  First Aid Supplies,  Insect Repellent "
Tran4079,"Insect Repellent ,  First Aid Supplies ,  Thermometer"
Tran4080,"Band-Aids ,  Cold and Flu Medicine ,  Blood Pressure Monitor,  Band-Aids "
Tran4082,"Eye Drops ,  Eye Drops "
Tran4083,"Cold and Flu Medicine ,  Thermometer,  Thermometer"
Tran4085,"Band-Aids ,  First Aid Supplies ,  First Aid Supplies "
Tran4086, Insect Repellent 
Tran4090,"Band-Aids ,  First Aid Supplies ,  First Aid Supplies "
Tran4093,"Blood Pressure Monitor ,  Thermometer,  Blood Pressure Monitor "
Tran4094,"First Aid Supplies ,  Thermometer,  Thermometer"
Tran4095,"Toothpaste ,  Band-Aids,  Toothpaste "
Tran4096,Blood Pressure Monitor 
Tran4097, Insect Repellent 
Tran4098,"Eye Drops ,  Blood Pressure Monitor ,  Eye Drops ,  Eye Drops "
Tran4099,"Band-Aids ,  Cold and Flu Medicine ,  Blood Pressure Monitor,  Band-Aids "
Tran4100," Toothpaste,  Toothpaste"
Tran4101,"Band-Aids ,  Cold and Flu Medicine ,  Blood Pressure Monitor,  Band-Aids "
Tran4102, Insect Repellent 
Tran4103,"Eye Drops ,  Eye Drops "
Tran4104,"Eye Drops ,  Eye Drops "
Tran4105," Blood Pressure Monitor,  Blood Pressure Monitor"
Tran4107,"Insect Repellent ,  First Aid Supplies ,  Thermometer"
Tran4108,"Blood Pressure Monitor ,  Blood Pressure Monitor "
Tran4109," Thermometer ,  Eye Drops "
Tran4110,"Band-Aids ,  Cold and Flu Medicine ,  Blood Pressure Monitor,  Band-Aids "
Tran4112,"Cold and Flu Medicine ,  Insect Repellent ,  Blood Pressure Monitor,  Cold and Flu Medicine ,  Blood Pressure Monitor"
Tran4114,"Band-Aids ,  First Aid Supplies ,  First Aid Supplies "
Tran4115," Band-Aids ,  Toothpaste ,  Insect Repellent ,  First Aid Supplies,  Insect Repellent "
Tran4116,"Toothpaste ,  Band-Aids,  Toothpaste "
Tran4117,"Eye Drops ,  Blood Pressure Monitor ,  Eye Drops "
Tran4118,"First Aid Supplies ,  Thermometer,  Thermometer"
Tran4119," Toothpaste,  Toothpaste"
Tran4120,"Band-Aids ,  First Aid Supplies ,  First Aid Supplies "
Tran4121," Thermometer ,  Eye Drops "
Tran4122,Blood Pressure Monitor 
Tran4123,"Blood Pressure Monitor ,  Thermometer,  Blood Pressure Monitor "
Tran4124,"Cold and Flu Medicine ,  Thermometer,  Thermometer"
Tran4125,"Insect Repellent ,  First Aid Supplies ,  Thermometer"
Tran4126,Blood Pressure Monitor 
Tran4127,"Eye Drops ,  Eye Drops "
Tran4129," Band-Aids ,  Toothpaste ,  Insect Repellent ,  First Aid Supplies,  Insect Repellent "
Tran4130,"First Aid Supplies ,  Thermometer,  Thermometer"
Tran4131,"Cold and Flu Medicine ,  First Aid Supplies,  First Aid Supplies"
Tran4132,"Cold and Flu Medicine ,  First Aid Supplies,  First Aid Supplies"
Tran4133," Band-Aids ,  Toothpaste ,  Insect Repellent ,  First Aid Supplies,  Insect Repellent "
Tran4134,"Cold and Flu Medicine ,  Thermometer,  Thermometer"
Tran4135," Band-Aids ,  Toothpaste ,  Insect Repellent ,  First Aid Supplies,  Insect Repellent "
Tran4136,"Blood Pressure Monitor ,  Thermometer,  Blood Pressure Monitor "
Tran4137,"Cold and Flu Medicine ,  First Aid Supplies,  First Aid Supplies"
Tran4138,"Cold and Flu Medicine ,  First Aid Supplies,  First Aid Supplies"
Tran4139,"Band-Aids ,  Cold and Flu Medicine ,  Blood Pressure Monitor,  Band-Aids "
Tran4140,"Insect Repellent ,  First Aid Supplies ,  Thermometer"
Tran4141, Insect Repellent 
Tran4142,"Band-Aids ,  Cold and Flu Medicine ,  Blood Pressure Monitor,  Band-Aids "
Tran4143,Blood Pressure Monitor 
Tran4144,"Insect Repellent ,  First Aid Supplies ,  Thermometer"
Tran4145,"Blood Pressure Monitor ,  Thermometer,  Blood Pressure Monitor "
Tran4147," Band-Aids ,  Toothpaste ,  Insect Repellent ,  First Aid Supplies,  Insect Repellent "
Tran4149," Thermometer ,  Eye Drops ,  Thermometer "
Tran4151,Blood Pressure Monitor 
Tran4152," Band-Aids ,  Toothpaste ,  Insect Repellent ,  First Aid Supplies,  Insect Repellent "
Tran4153,"Eye Drops ,  Eye Drops ,  Eye Drops "
Tran4154,"Band-Aids ,  Cold and Flu Medicine ,  Blood Pressure Monitor,  Band-Aids "
Tran4156,"Cold and Flu Medicine ,  Insect Repellent ,  Blood Pressure Monitor,  Cold and Flu Medicine "
Tran4157,"Toothpaste ,  Band-Aids,  Toothpaste "
Tran4158,"Band-Aids ,  Cold and Flu Medicine ,  Blood Pressure Monitor,  Band-Aids "
Tran4159,"First Aid Supplies ,  Thermometer,  Thermometer"
Tran4160, Insect Repellent 
Tran4161,"First Aid Supplies ,  Thermometer,  Thermometer"
Tran4163,"Band-Aids ,  Cold and Flu Medicine ,  Blood Pressure Monitor,  Band-Aids "
Tran4164," Band-Aids ,  Toothpaste ,  Insect Repellent ,  First Aid Supplies,  Insect Repellent "
Tran4165,"Cold and Flu Medicine ,  First Aid Supplies,  First Aid Supplies"
Tran4166,"Insect Repellent ,  First Aid Supplies ,  Thermometer"
Tran4167,Blood Pressure Monitor 
Tran4168,"Cold and Flu Medicine ,  First Aid Supplies,  First Aid Supplies"
Tran4169," Blood Pressure Monitor,  Blood Pressure Monitor"
Tran4170,"Eye Drops ,  Blood Pressure Monitor ,  Eye Drops "
Tran4173,"Band-Aids ,  First Aid Supplies ,  First Aid Supplies "
Tran4175,"Toothpaste ,  Band-Aids,  Toothpaste "
Tran4176,"Toothpaste ,  Band-Aids,  Toothpaste "
Tran4178,"Toothpaste ,  Band-Aids,  Toothpaste "
Tran4179,"Cold and Flu Medicine ,  Insect Repellent ,  Blood Pressure Monitor,  Cold and Flu Medicine "
Tran4180,"Toothpaste ,  Band-Aids,  Toothpaste "
Tran4181,"Cold and Flu Medicine ,  Thermometer,  Thermometer"
Tran4183,"Toothpaste ,  Band-Aids,  Toothpaste "
Tran4184," Thermometer ,  Eye Drops "
Tran4185,"Cold and Flu Medicine ,  Insect Repellent ,  Blood Pressure Monitor,  Cold and Flu Medicine "
Tran4186,"Cold and Flu Medicine ,  First Aid Supplies,  First Aid Supplies"
Tran4187,"Cold and Flu Medicine ,  Thermometer,  Thermometer"
Tran4188," Toothpaste,  Toothpaste"
Tran4189," Blood Pressure Monitor,  Blood Pressure Monitor"
Tran4191,"Cold and Flu Medicine ,  Insect Repellent ,  Blood Pressure Monitor,  Cold and Flu Medicine "
Tran4192, Insect Repellent 
Tran4193,"Cold and Flu Medicine ,  Insect Repellent ,  Blood Pressure Monitor,  Cold and Flu Medicine "
Tran4194,"Insect Repellent ,  First Aid Supplies ,  Thermometer"
Tran4195," Band-Aids ,  Toothpaste ,  Insect Repellent ,  First Aid Supplies,  Insect Repellent "
Tran4196,Blood Pressure Monitor 
Tran4197,"First Aid Supplies ,  Thermometer,  Thermometer,  Thermometer"
Tran4198," Toothpaste,  Toothpaste,  Toothpaste"
Tran4199,"Eye Drops ,  Blood Pressure Monitor ,  Eye Drops "
Tran4200,"Blood Pressure Monitor ,  Thermometer,  Blood Pressure Monitor "
Tran4201,"Cold and Flu Medicine ,  First Aid Supplies,  First Aid Supplies"
Tran4203,"Blood Pressure Monitor ,  Thermometer,  Blood Pressure Monitor "
Tran4204," Blood Pressure Monitor,  Blood Pressure Monitor,  Blood Pressure Monitor"
Tran4206,Blood Pressure Monitor 
Tran4207,"Cold and Flu Medicine ,  Insect Repellent ,  Blood Pressure Monitor,  Cold and Flu Medicine "
Tran4211,"Band-Aids ,  First Aid Supplies ,  First Aid Supplies "
Tran4212,"Cold and Flu Medicine ,  First Aid Supplies,  First Aid Supplies,  First Aid Supplies"
Tran4213," Blood Pressure Monitor,  Blood Pressure Monitor"
Tran4214,"Band-Aids ,  Cold and Flu Medicine ,  Blood Pressure Monitor,  Band-Aids "
Tran4215,"Band-Aids ,  Cold and Flu Medicine ,  Blood Pressure Monitor,  Band-Aids "
Tran4216,"Blood Pressure Monitor ,  Thermometer,  Blood Pressure Monitor "
Tran4217,"Toothpaste ,  Band-Aids,  Toothpaste ,  Toothpaste "
Tran4218," Toothpaste,  Toothpaste"
Tran4219," Thermometer ,  Eye Drops "
Tran4220, Insect Repellent 
Tran4221,"Cold and Flu Medicine ,  First Aid Supplies,  First Aid Supplies"
Tran4222,"Insect Repellent ,  First Aid Supplies ,  Thermometer"
Tran4223,"Band-Aids ,  Cold and Flu Medicine ,  Blood Pressure Monitor,  Band-Aids "
Tran4226,"Toothpaste ,  Band-Aids,  Toothpaste "
Tran4227,"Cold and Flu Medicine ,  Insect Repellent ,  Blood Pressure Monitor,  Cold and Flu Medicine "
Tran4228," Blood Pressure Monitor,  Blood Pressure Monitor"
Tran4230,"Eye Drops ,  Blood Pressure Monitor ,  Eye Drops "
Tran4232,Blood Pressure Monitor 
Tran4233,"Cold and Flu Medicine ,  Insect Repellent ,  Blood Pressure Monitor,  Cold and Flu Medicine "
Tran4234,"Blood Pressure Monitor ,  Thermometer,  Blood Pressure Monitor "
Tran4235," Toothpaste,  Toothpaste"
Tran4236,"Eye Drops ,  Eye Drops "
Tran4237,"Band-Aids ,  First Aid Supplies ,  First Aid Supplies "
Tran4239,"Toothpaste ,  Band-Aids,  Toothpaste "
Tran4240," Toothpaste,  Toothpaste"
Tran4241,"Band-Aids ,  First Aid Supplies ,  First Aid Supplies "
Tran4243," Band-Aids ,  Toothpaste ,  Insect Repellent ,  First Aid Supplies,  Insect Repellent "
Tran4244,"Blood Pressure Monitor ,  Thermometer,  Blood Pressure Monitor "
Tran4245," Blood Pressure Monitor,  Blood Pressure Monitor"
Tran4246,"Blood Pressure Monitor ,  Thermometer,  Blood Pressure Monitor "
Tran4247,"Cold and Flu Medicine ,  First Aid Supplies,  First Aid Supplies"
Tran4248,"Eye Drops ,  Blood Pressure Monitor ,  Eye Drops "
Tran4250,"Band-Aids ,  First Aid Supplies ,  First Aid Supplies "
Tran4251,"Cold and Flu Medicine ,  Thermometer,  Thermometer"
Tran4252, Insect Repellent 
Tran4253,"Insect Repellent ,  First Aid Supplies ,  Thermometer"
Tran4254,"Band-Aids ,  Cold and Flu Medicine ,  Blood Pressure Monitor,  Band-Aids "
Tran4256, Insect Repellent 
Tran4257,"Cold and Flu Medicine ,  Insect Repellent ,  Blood Pressure Monitor,  Cold and Flu Medicine "
Tran4259,"Band-Aids ,  Cold and Flu Medicine ,  Blood Pressure Monitor,  Band-Aids "
Tran4260," Toothpaste,  Toothpaste"
Tran4261,"Eye Drops ,  Blood Pressure Monitor ,  Eye Drops "
Tran4262," Toothpaste,  Toothpaste"
Tran4263," Band-Aids ,  Toothpaste ,  Insect Repellent ,  First Aid Supplies,  Insect Repellent "
Tran4264, Insect Repellent 
Tran4265,"Band-Aids ,  First Aid Supplies ,  First Aid Supplies "
Tran4266," Blood Pressure Monitor,  Blood Pressure Monitor"
Tran4267," Blood Pressure Monitor,  Blood Pressure Monitor"
Tran4268,"Blood Pressure Monitor ,  Thermometer,  Blood Pressure Monitor "
Tran4269,"First Aid Supplies ,  Thermometer,  Thermometer"
Tran4270," Blood Pressure Monitor,  Blood Pressure Monitor"
Tran4272,"Band-Aids ,  First Aid Supplies ,  First Aid Supplies "
Tran4273,"Toothpaste ,  Band-Aids,  Toothpaste "
Tran4274,"Eye Drops ,  Eye Drops "
Tran4275,"Cold and Flu Medicine ,  Insect Repellent ,  Blood Pressure Monitor,  Cold and Flu Medicine "
Tran4276,Blood Pressure Monitor 
Tran4277,"Eye Drops ,  Eye Drops "
Tran4278,"Toothpaste ,  Band-Aids,  Toothpaste "
Tran4279,"Cold and Flu Medicine ,  Insect Repellent ,  Blood Pressure Monitor,  Cold and Flu Medicine "
Tran4280,"Cold and Flu Medicine ,  Insect Repellent ,  Blood Pressure Monitor,  Cold and Flu Medicine "
Tran4281," Band-Aids ,  Toothpaste ,  Insect Repellent ,  First Aid Supplies,  Insect Repellent "
Tran4283," Blood Pressure Monitor,  Blood Pressure Monitor"
Tran4284," Blood Pressure Monitor,  Blood Pressure Monitor"
Tran4285,"Cold and Flu Medicine ,  First Aid Supplies,  First Aid Supplies"
Tran4286, Insect Repellent 
Tran4287," Thermometer ,  Eye Drops "
Tran4288, Insect Repellent 
Tran4289,"Eye Drops ,  Eye Drops ,  Eye Drops "
Tran4293," Toothpaste,  Toothpaste"
Tran4294," Toothpaste,  Toothpaste"
Tran4296,Blood Pressure Monitor 
Tran4297," Blood Pressure Monitor,  Blood Pressure Monitor"
Tran4298,Blood Pressure Monitor 
Tran4299,"First Aid Supplies ,  Thermometer,  Thermometer"
Tran4301,"First Aid Supplies ,  Thermometer,  Thermometer"
Tran4302,"Cold and Flu Medicine ,  First Aid Supplies,  First Aid Supplies"
Tran4304,"Toothpaste ,  Band-Aids,  Toothpaste "
Tran4305,"Blood Pressure Monitor ,  Blood Pressure Monitor "
Tran4306,"Cold and Flu Medicine ,  First Aid Supplies,  First Aid Supplies"
Tran4308,"Band-Aids ,  Cold and Flu Medicine ,  Blood Pressure Monitor,  Band-Aids "
Tran4309,"Cold and Flu Medicine ,  Thermometer,  Thermometer"
Tran4311,"Cold and Flu Medicine ,  Insect Repellent ,  Blood Pressure Monitor,  Cold and Flu Medicine "
Tran4312,"Cold and Flu Medicine ,  Insect Repellent ,  Blood Pressure Monitor,  Cold and Flu Medicine "
Tran4313,"Cold and Flu Medicine ,  Thermometer,  Thermometer"
Tran4316," Band-Aids ,  Toothpaste ,  Insect Repellent ,  First Aid Supplies,  Insect Repellent "
Tran4318, Insect Repellent 
Tran4319,"Insect Repellent ,  First Aid Supplies ,  Thermometer"
Tran4320," Toothpaste,  Toothpaste"
Tran4321," Thermometer ,  Eye Drops "
Tran4322,"Band-Aids ,  First Aid Supplies ,  First Aid Supplies "
Tran4324,"First Aid Supplies ,  Thermometer,  Thermometer"
Tran4325,"Insect Repellent ,  First Aid Supplies ,  Thermometer"
Tran4326,"Band-Aids ,  First Aid Supplies ,  First Aid Supplies "
Tran4327," Thermometer ,  Eye Drops "
Tran4328,"Band-Aids ,  First Aid Supplies ,  First Aid Supplies "
Tran4329," Insect Repellent ,  Insect Repellent "
Tran4330,"Eye Drops ,  Eye Drops "
Tran4331,Blood Pressure Monitor 
Tran4332,"Cold and Flu Medicine ,  Thermometer,  Thermometer,  Cold and Flu Medicine "
Tran4333,"Eye Drops ,  Eye Drops "
Tran4334,"Toothpaste ,  Band-Aids,  Toothpaste ,  Band-Aids"
Tran4335,"Band-Aids ,  First Aid Supplies ,  First Aid Supplies "
Tran4336,"Band-Aids ,  First Aid Supplies ,  First Aid Supplies "
Tran4337,"Insect Repellent ,  First Aid Supplies ,  Thermometer"
Tran4338,"Band-Aids ,  Cold and Flu Medicine ,  Blood Pressure Monitor,  Band-Aids "
Tran4339," Thermometer ,  Eye Drops "
Tran4340," Thermometer ,  Eye Drops "
Tran4341," Toothpaste,  Toothpaste"
Tran4342,Blood Pressure Monitor 
Tran4343," Band-Aids ,  Toothpaste ,  Insect Repellent ,  First Aid Supplies,  Insect Repellent "
Tran4344," Toothpaste,  Toothpaste"
Tran4345,Blood Pressure Monitor 
Tran4346,"Blood Pressure Monitor ,  Thermometer,  Blood Pressure Monitor "
Tran4348," Toothpaste,  Toothpaste"
Tran4349,"First Aid Supplies ,  Thermometer,  Thermometer"
Tran4350,"Cold and Flu Medicine ,  Insect Repellent ,  Blood Pressure Monitor,  Cold and Flu Medicine ,  Blood Pressure Monitor"
Tran4351,Blood Pressure Monitor 
Tran4352,Blood Pressure Monitor 
Tran4353,"Insect Repellent ,  First Aid Supplies ,  Thermometer"
Tran4354," Band-Aids ,  Toothpaste ,  Insect Repellent ,  First Aid Supplies,  Insect Repellent "
Tran4355," Band-Aids ,  Toothpaste ,  Insect Repellent ,  First Aid Supplies,  Insect Repellent "
Tran4356,"Toothpaste ,  Band-Aids,  Toothpaste "
Tran4357,Blood Pressure Monitor 
Tran4358,"Blood Pressure Monitor ,  Thermometer,  Blood Pressure Monitor "
Tran4360,"Cold and Flu Medicine ,  Insect Repellent ,  Blood Pressure Monitor,  Cold and Flu Medicine "
Tran4362,"Insect Repellent ,  First Aid Supplies ,  Thermometer"
Tran4363,"First Aid Supplies ,  Thermometer,  Thermometer"
Tran4365,"Cold and Flu Medicine ,  Insect Repellent ,  Blood Pressure Monitor,  Cold and Flu Medicine "
Tran4366,"Band-Aids ,  First Aid Supplies ,  First Aid Supplies "
Tran4367,"Eye Drops ,  Blood Pressure Monitor ,  Eye Drops "
Tran4368,"Band-Aids ,  First Aid Supplies ,  First Aid Supplies "
Tran4369,"Cold and Flu Medicine ,  Insect Repellent ,  Blood Pressure Monitor,  Cold and Flu Medicine "
Tran4370,"Toothpaste ,  Band-Aids,  Toothpaste "
Tran4371,"Eye Drops ,  Eye Drops "
Tran4372,"Cold and Flu Medicine ,  First Aid Supplies,  First Aid Supplies"
Tran4373," Thermometer ,  Eye Drops "
Tran4374,"Toothpaste ,  Band-Aids,  Toothpaste "
Tran4375,"Blood Pressure Monitor ,  Thermometer,  Blood Pressure Monitor "
Tran4376,"Blood Pressure Monitor ,  Thermometer,  Blood Pressure Monitor "
Tran4378,Blood Pressure Monitor 
Tran4379,"Blood Pressure Monitor ,  Thermometer,  Blood Pressure Monitor "
Tran4380," Band-Aids ,  Toothpaste ,  Insect Repellent ,  First Aid Supplies,  Insect Repellent "
Tran4381,"Insect Repellent ,  First Aid Supplies ,  Thermometer,  Insect Repellent "
Tran4382,"Cold and Flu Medicine ,  First Aid Supplies,  First Aid Supplies"
Tran4383,"Eye Drops ,  Blood Pressure Monitor ,  Eye Drops "
Tran4384,Blood Pressure Monitor 
Tran4385,"First Aid Supplies ,  Thermometer,  Thermometer,  Thermometer"
Tran4386,"Eye Drops ,  Eye Drops "
Tran4387,"First Aid Supplies ,  Thermometer,  Thermometer"
Tran4389,"Blood Pressure Monitor ,  Thermometer,  Blood Pressure Monitor "
Tran4391," Band-Aids ,  Toothpaste ,  Insect Repellent ,  First Aid Supplies,  Insect Repellent "
Tran4392,"Blood Pressure Monitor ,  Thermometer,  Blood Pressure Monitor "
Tran4394,"Band-Aids ,  Cold and Flu Medicine ,  Blood Pressure Monitor,  Band-Aids "
Tran4395," Band-Aids ,  Toothpaste ,  Insect Repellent ,  First Aid Supplies,  Insect Repellent ,  First Aid Supplies"
Tran4396,"Cold and Flu Medicine ,  First Aid Supplies,  First Aid Supplies"
Tran4397,"Band-Aids ,  First Aid Supplies ,  First Aid Supplies "
Tran4399,Blood Pressure Monitor 
Tran4400," Band-Aids ,  Toothpaste ,  Insect Repellent ,  First Aid Supplies,  Insect Repellent "
Tran4401,"First Aid Supplies ,  Thermometer,  Thermometer"
Tran4402,"Blood Pressure Monitor ,  Thermometer,  Blood Pressure Monitor "
Tran4403,Blood Pressure Monitor 
Tran4404,"Cold and Flu Medicine ,  Insect Repellent ,  Blood Pressure Monitor,  Cold and Flu Medicine "
Tran4405,"Eye Drops ,  Eye Drops "
Tran4408," Thermometer ,  Eye Drops ,  Thermometer "
Tran4409," Blood Pressure Monitor,  Blood Pressure Monitor"
Tran4410,"Toothpaste ,  Band-Aids,  Toothpaste "
Tran4411,"Eye Drops ,  Blood Pressure Monitor ,  Eye Drops "
Tran4412,"First Aid Supplies ,  Thermometer,  Thermometer"
Tran4413," Toothpaste,  Toothpaste"
Tran4414," Toothpaste,  Toothpaste"
Tran4415," Thermometer ,  Eye Drops "
Tran4416," Thermometer ,  Eye Drops ,  Eye Drops "
Tran4417,"Cold and Flu Medicine ,  First Aid Supplies,  First Aid Supplies"
Tran4418,"Eye Drops ,  Blood Pressure Monitor ,  Eye Drops "
Tran4419, Insect Repellent 
Tran4420," Thermometer ,  Eye Drops "
Tran4421,"Blood Pressure Monitor ,  Thermometer,  Blood Pressure Monitor "
Tran4422, Insect Repellent 
Tran4423,Blood Pressure Monitor 
Tran4424,"Toothpaste ,  Band-Aids,  Toothpaste "
Tran4425,"Insect Repellent ,  First Aid Supplies ,  Thermometer"
Tran4426,"Band-Aids ,  Cold and Flu Medicine ,  Blood Pressure Monitor,  Band-Aids "
Tran4427, Insect Repellent 
Tran4428," Thermometer ,  Eye Drops "
Tran4429," Band-Aids ,  Toothpaste ,  Insect Repellent ,  First Aid Supplies,  Insect Repellent "
Tran4430," Toothpaste,  Toothpaste"
Tran4431,"First Aid Supplies ,  Thermometer,  Thermometer"
Tran4432,"Band-Aids ,  First Aid Supplies ,  First Aid Supplies "
Tran4433," Toothpaste,  Toothpaste"
Tran4434,"Band-Aids ,  Cold and Flu Medicine ,  Blood Pressure Monitor,  Band-Aids "
Tran4435,"Cold and Flu Medicine ,  Insect Repellent ,  Blood Pressure Monitor,  Cold and Flu Medicine "
Tran4437,"Blood Pressure Monitor ,  Thermometer,  Blood Pressure Monitor "
Tran4438," Band-Aids ,  Toothpaste ,  Insect Repellent ,  First Aid Supplies,  Insect Repellent "
Tran4439,"First Aid Supplies ,  Thermometer,  Thermometer"
Tran4441," Blood Pressure Monitor,  Blood Pressure Monitor"
Tran4443,Blood Pressure Monitor 
Tran4444," Band-Aids ,  Toothpaste ,  Insect Repellent ,  First Aid Supplies,  Insect Repellent "
Tran4445,"Blood Pressure Monitor ,  Thermometer,  Blood Pressure Monitor "
Tran4446,"Cold and Flu Medicine ,  Insect Repellent ,  Blood Pressure Monitor,  Cold and Flu Medicine "
Tran4447," Blood Pressure Monitor,  Blood Pressure Monitor"
Tran4448," Thermometer ,  Eye Drops "
Tran4449,"Cold and Flu Medicine ,  Insect Repellent ,  Blood Pressure Monitor,  Cold and Flu Medicine "
Tran4450,"Eye Drops ,  Blood Pressure Monitor ,  Eye Drops "
Tran4451," Thermometer ,  Eye Drops "
Tran4453,"Cold and Flu Medicine ,  Thermometer,  Thermometer"
Tran4454,"Eye Drops ,  Blood Pressure Monitor ,  Eye Drops "
Tran4455,"Cold and Flu Medicine ,  First Aid Supplies,  First Aid Supplies"
Tran4456," Toothpaste,  Toothpaste"
Tran4457,"Blood Pressure Monitor ,  Thermometer,  Blood Pressure Monitor "
Tran4459,"Eye Drops ,  Blood Pressure Monitor ,  Eye Drops "
Tran4460,"Cold and Flu Medicine ,  Thermometer,  Thermometer"
Tran4461," Toothpaste,  Toothpaste"
Tran4462," Toothpaste,  Toothpaste"
Tran4463,"Band-Aids ,  First Aid Supplies ,  First Aid Supplies "
Tran4464,"Eye Drops ,  Blood Pressure Monitor ,  Eye Drops "
Tran4465,"Insect Repellent ,  First Aid Supplies ,  Thermometer"
Tran4467," Band-Aids ,  Toothpaste ,  Insect Repellent ,  First Aid Supplies,  Insect Repellent "
Tran4468, Insect Repellent 
Tran4469," Band-Aids ,  Toothpaste ,  Insect Repellent ,  First Aid Supplies,  Insect Repellent "
Tran4470," Thermometer ,  Eye Drops "
Tran4472," Band-Aids ,  Toothpaste ,  Insect Repellent ,  First Aid Supplies,  Insect Repellent "
Tran4474,"Toothpaste ,  Band-Aids,  Toothpaste ,  Toothpaste "
Tran4475,"Cold and Flu Medicine ,  Insect Repellent ,  Blood Pressure Monitor,  Cold and Flu Medicine "
Tran4476,"Band-Aids ,  First Aid Supplies ,  First Aid Supplies "
Tran4477,"Cold and Flu Medicine ,  Thermometer,  Thermometer"
Tran4478,"Eye Drops ,  Eye Drops "
Tran4479,"Eye Drops ,  Blood Pressure Monitor ,  Eye Drops "
Tran4480,"Eye Drops ,  Eye Drops "
Tran4482,"Band-Aids ,  First Aid Supplies ,  First Aid Supplies "
Tran4483,"Cold and Flu Medicine ,  Insect Repellent ,  Blood Pressure Monitor,  Cold and Flu Medicine "
Tran4484," Thermometer ,  Eye Drops ,  Eye Drops "
Tran4485," Blood Pressure Monitor,  Blood Pressure Monitor"
Tran4486," Band-Aids ,  Toothpaste ,  Insect Repellent ,  First Aid Supplies,  Insect Repellent "
Tran4487,"Eye Drops ,  Blood Pressure Monitor ,  Eye Drops "
Tran4488,"Eye Drops ,  Eye Drops "
Tran4490," Toothpaste,  Toothpaste"
Tran4491,"Cold and Flu Medicine ,  First Aid Supplies,  First Aid Supplies"
Tran4492," Thermometer ,  Eye Drops "
Tran4493,"Toothpaste ,  Band-Aids,  Toothpaste "
Tran4494,"Toothpaste ,  Band-Aids,  Toothpaste "
Tran4495,"Eye Drops ,  Blood Pressure Monitor ,  Eye Drops "
Tran4496,"Insect Repellent ,  First Aid Supplies ,  Thermometer,  Thermometer"
Tran4497,"Eye Drops ,  Blood Pressure Monitor ,  Eye Drops "
Tran4498,"Cold and Flu Medicine ,  Thermometer,  Thermometer"
Tran4499," Blood Pressure Monitor,  Blood Pressure Monitor"
Tran4500,"Toothpaste ,  Band-Aids,  Toothpaste "
Tran4502," Thermometer ,  Eye Drops "
Tran4503,Blood Pressure Monitor 
Tran4505,"First Aid Supplies ,  Thermometer,  Thermometer"
Tran4506,"First Aid Supplies ,  Thermometer,  Thermometer"
Tran4507,"Blood Pressure Monitor ,  Thermometer,  Blood Pressure Monitor "
Tran4508,"First Aid Supplies ,  Thermometer,  Thermometer"
Tran4509," Thermometer ,  Eye Drops "
Tran4510,"Cold and Flu Medicine ,  Insect Repellent ,  Blood Pressure Monitor,  Cold and Flu Medicine "
Tran4511," Band-Aids ,  Toothpaste ,  Insect Repellent ,  First Aid Supplies,  Insect Repellent "
Tran4512,"Band-Aids ,  Cold and Flu Medicine ,  Blood Pressure Monitor,  Band-Aids "
Tran4513,"Cold and Flu Medicine ,  Thermometer,  Thermometer,  Cold and Flu Medicine "
Tran4514," Toothpaste,  Toothpaste"
Tran4515,"Eye Drops ,  Blood Pressure Monitor ,  Eye Drops "
Tran4516,"Cold and Flu Medicine ,  Thermometer,  Thermometer"
Tran4517," Blood Pressure Monitor,  Blood Pressure Monitor"
Tran4518,"Cold and Flu Medicine ,  Thermometer,  Thermometer"
Tran4519," Toothpaste,  Toothpaste"
Tran4520," Blood Pressure Monitor,  Blood Pressure Monitor"
Tran4521," Thermometer ,  Eye Drops "
Tran4523, Insect Repellent 
Tran4524," Blood Pressure Monitor,  Blood Pressure Monitor"
Tran4525,"Eye Drops ,  Eye Drops "
Tran4526," Band-Aids ,  Toothpaste ,  Insect Repellent ,  First Aid Supplies,  Insect Repellent ,  Insect Repellent "
Tran4527,"First Aid Supplies ,  Thermometer,  Thermometer"
Tran4528,"Band-Aids ,  First Aid Supplies ,  First Aid Supplies "
Tran4530, Insect Repellent 
Tran4531," Thermometer ,  Eye Drops "
Tran4533," Thermometer ,  Eye Drops "
Tran4534,"Eye Drops ,  Blood Pressure Monitor ,  Eye Drops "
Tran4535,"Cold and Flu Medicine ,  First Aid Supplies,  First Aid Supplies"
Tran4536,"First Aid Supplies ,  Thermometer,  Thermometer"
Tran4537,"Eye Drops ,  Eye Drops "
Tran4540,"Blood Pressure Monitor ,  Thermometer,  Blood Pressure Monitor "
Tran4541,"Insect Repellent ,  First Aid Supplies ,  Thermometer"
Tran4542," Band-Aids ,  Toothpaste ,  Insect Repellent ,  First Aid Supplies,  Insect Repellent "
Tran4543,"Band-Aids ,  First Aid Supplies ,  First Aid Supplies "
Tran4544,"Band-Aids ,  Cold and Flu Medicine ,  Blood Pressure Monitor,  Band-Aids ,  Band-Aids "
Tran4545, Insect Repellent 
Tran4546,"Blood Pressure Monitor ,  Thermometer,  Blood Pressure Monitor "
Tran4547,Blood Pressure Monitor 
Tran4550,"Band-Aids ,  Cold and Flu Medicine ,  Blood Pressure Monitor,  Band-Aids "
Tran4551,"Band-Aids ,  Cold and Flu Medicine ,  Blood Pressure Monitor,  Band-Aids "
Tran4552,"Band-Aids ,  Cold and Flu Medicine ,  Blood Pressure Monitor,  Band-Aids "
Tran4553,"First Aid Supplies ,  Thermometer,  Thermometer"
Tran4554,"Insect Repellent ,  First Aid Supplies ,  Thermometer"
Tran4555,"Cold and Flu Medicine ,  Thermometer,  Thermometer"
Tran4556,"Cold and Flu Medicine ,  Insect Repellent ,  Blood Pressure Monitor,  Cold and Flu Medicine "
Tran4557,"Insect Repellent ,  First Aid Supplies ,  Thermometer"
Tran4558, Insect Repellent 
Tran4559,"Eye Drops ,  Blood Pressure Monitor ,  Eye Drops "
Tran4560,"Insect Repellent ,  First Aid Supplies ,  Thermometer"
Tran4561,"Insect Repellent ,  First Aid Supplies ,  Thermometer"
Tran4563,Blood Pressure Monitor 
Tran4564,"Eye Drops ,  Blood Pressure Monitor ,  Eye Drops "
Tran4565," Blood Pressure Monitor,  Blood Pressure Monitor"
Tran4566,"Cold and Flu Medicine ,  Thermometer,  Thermometer"
Tran4567," Toothpaste,  Toothpaste"
Tran4568," Blood Pressure Monitor,  Blood Pressure Monitor"
Tran4569, Insect Repellent 
Tran4570,"Blood Pressure Monitor ,  Thermometer,  Blood Pressure Monitor "
Tran4571," Band-Aids ,  Toothpaste ,  Insect Repellent ,  First Aid Supplies,  Insect Repellent "
Tran4572,"Band-Aids ,  First Aid Supplies ,  First Aid Supplies "
Tran4573,"Eye Drops ,  Blood Pressure Monitor ,  Eye Drops "
Tran4574,"Toothpaste ,  Band-Aids,  Toothpaste "
Tran4575," Thermometer ,  Eye Drops "
Tran4577," Thermometer ,  Eye Drops "
Tran4578,"Cold and Flu Medicine ,  First Aid Supplies,  First Aid Supplies"
Tran4579," Band-Aids ,  Toothpaste ,  Insect Repellent ,  First Aid Supplies,  Insect Repellent "
Tran4580,"Blood Pressure Monitor ,  Thermometer,  Blood Pressure Monitor "
Tran4581,"Blood Pressure Monitor ,  Thermometer,  Blood Pressure Monitor "
Tran4582," Band-Aids ,  Toothpaste ,  Insect Repellent ,  First Aid Supplies,  Insect Repellent "
Tran4583,"Insect Repellent ,  First Aid Supplies ,  Thermometer"
Tran4585,"Cold and Flu Medicine ,  First Aid Supplies,  First Aid Supplies"
Tran4586," Blood Pressure Monitor,  Blood Pressure Monitor"
Tran4587,"Insect Repellent ,  First Aid Supplies ,  Thermometer"
Tran4588," Toothpaste,  Toothpaste"
Tran4589,Blood Pressure Monitor 
Tran4590,"Eye Drops ,  Blood Pressure Monitor ,  Eye Drops "
Tran4592,"Cold and Flu Medicine ,  Thermometer,  Thermometer"
Tran4593,"Band-Aids ,  Cold and Flu Medicine ,  Blood Pressure Monitor,  Band-Aids "
Tran4594,"Band-Aids ,  First Aid Supplies ,  First Aid Supplies "
Tran4595," Blood Pressure Monitor,  Blood Pressure Monitor"
Tran4596,"Eye Drops ,  Blood Pressure Monitor ,  Eye Drops "
Tran4597,"Eye Drops ,  Blood Pressure Monitor ,  Eye Drops "
Tran4598,"Eye Drops ,  Blood Pressure Monitor ,  Eye Drops "
Tran4599,"Eye Drops ,  Blood Pressure Monitor ,  Eye Drops "
Tran4600,"Cold and Flu Medicine ,  First Aid Supplies,  First Aid Supplies"
Tran4601," Blood Pressure Monitor,  Blood Pressure Monitor"
Tran4602,"Eye Drops ,  Blood Pressure Monitor ,  Eye Drops "
Tran4603, Insect Repellent 
Tran4604,"Insect Repellent ,  First Aid Supplies ,  Thermometer"
Tran4606,"Band-Aids ,  First Aid Supplies ,  First Aid Supplies "
Tran4607,"Cold and Flu Medicine ,  Thermometer,  Thermometer"
Tran4608,"Eye Drops ,  Eye Drops "
Tran4609,"Toothpaste ,  Band-Aids,  Toothpaste "
Tran4610,"Toothpaste ,  Band-Aids,  Toothpaste "
Tran4611,"Eye Drops ,  Eye Drops "
Tran4612,"Cold and Flu Medicine ,  Thermometer,  Thermometer"
Tran4613,"Band-Aids ,  First Aid Supplies ,  First Aid Supplies "
Tran4614," Band-Aids ,  Toothpaste ,  Insect Repellent ,  First Aid Supplies,  Insect Repellent "
Tran4615," Blood Pressure Monitor,  Blood Pressure Monitor"
Tran4616,"Band-Aids ,  First Aid Supplies ,  First Aid Supplies "
Tran4617," Toothpaste,  Toothpaste"
Tran4618,"Band-Aids ,  Cold and Flu Medicine ,  Blood Pressure Monitor,  Band-Aids ,  Band-Aids "
Tran4619,Blood Pressure Monitor 
Tran4620,"First Aid Supplies ,  Thermometer,  Thermometer"
Tran4622,Blood Pressure Monitor 
Tran4624,"Toothpaste ,  Band-Aids,  Toothpaste "
Tran4625, Insect Repellent 
Tran4626,"Cold and Flu Medicine ,  Insect Repellent ,  Blood Pressure Monitor,  Cold and Flu Medicine "
Tran4627,"Band-Aids ,  Cold and Flu Medicine ,  Blood Pressure Monitor,  Band-Aids "
Tran4628,"Cold and Flu Medicine ,  Thermometer,  Thermometer"
Tran4629,"Toothpaste ,  Band-Aids,  Toothpaste "
Tran4631,"Eye Drops ,  Eye Drops "
Tran4633,"Toothpaste ,  Band-Aids,  Toothpaste "
Tran4634,"Toothpaste ,  Band-Aids,  Toothpaste "
Tran4635,"Cold and Flu Medicine ,  First Aid Supplies,  First Aid Supplies"
Tran4636," Blood Pressure Monitor,  Blood Pressure Monitor"
Tran4637," Blood Pressure Monitor,  Blood Pressure Monitor"
Tran4638," Thermometer ,  Eye Drops "
Tran4639," Band-Aids ,  Toothpaste ,  Insect Repellent ,  First Aid Supplies,  Insect Repellent ,  Insect Repellent "
Tran4640,"Insect Repellent ,  First Aid Supplies ,  Thermometer"
Tran4641," Toothpaste,  Toothpaste"
Tran4642,"Eye Drops ,  Eye Drops "
Tran4643," Blood Pressure Monitor,  Blood Pressure Monitor"
Tran4644,"Eye Drops ,  Eye Drops "
Tran4646," Thermometer ,  Eye Drops "
Tran4648,"Cold and Flu Medicine ,  First Aid Supplies,  First Aid Supplies"
Tran4650,"Cold and Flu Medicine ,  Insect Repellent ,  Blood Pressure Monitor,  Cold and Flu Medicine "
Tran4651,Blood Pressure Monitor 
Tran4652," Thermometer ,  Eye Drops "
Tran4653,"Toothpaste ,  Band-Aids,  Toothpaste "
Tran4654,"Band-Aids ,  First Aid Supplies ,  First Aid Supplies "
Tran4655,Blood Pressure Monitor 
Tran4656,"Eye Drops ,  Eye Drops ,  Eye Drops "
Tran4657," Band-Aids ,  Toothpaste ,  Insect Repellent ,  First Aid Supplies,  Insect Repellent "
Tran4659, Insect Repellent 
Tran4660,"Cold and Flu Medicine ,  Insect Repellent ,  Blood Pressure Monitor,  Cold and Flu Medicine "
Tran4661,"Cold and Flu Medicine ,  First Aid Supplies,  First Aid Supplies"
Tran4662,"Cold and Flu Medicine ,  Insect Repellent ,  Blood Pressure Monitor,  Cold and Flu Medicine "
Tran4664," Band-Aids ,  Toothpaste ,  Insect Repellent ,  First Aid Supplies,  Insect Repellent "
Tran4665,"Cold and Flu Medicine ,  Thermometer,  Thermometer,  Thermometer"
Tran4666,"Cold and Flu Medicine ,  Insect Repellent ,  Blood Pressure Monitor,  Cold and Flu Medicine "
Tran4667,"Insect Repellent ,  First Aid Supplies ,  Thermometer"
Tran4668,"Blood Pressure Monitor ,  Thermometer,  Blood Pressure Monitor "
Tran4670,"Blood Pressure Monitor ,  Thermometer,  Blood Pressure Monitor "
Tran4671,"Cold and Flu Medicine ,  Thermometer,  Thermometer"
Tran4673," Thermometer ,  Eye Drops "
Tran4674," Band-Aids ,  Toothpaste ,  Insect Repellent ,  First Aid Supplies,  Insect Repellent "
Tran4675,"Insect Repellent ,  First Aid Supplies ,  Thermometer"
Tran4676,"Toothpaste ,  Band-Aids,  Toothpaste ,  Toothpaste "
Tran4677, Insect Repellent 
Tran4678,"Band-Aids ,  Cold and Flu Medicine ,  Blood Pressure Monitor,  Band-Aids "
Tran4679,"Insect Repellent ,  First Aid Supplies ,  Thermometer"
Tran4680,"Eye Drops ,  Blood Pressure Monitor ,  Eye Drops "
Tran4681,"Eye Drops ,  Blood Pressure Monitor ,  Eye Drops "
Tran4682," Band-Aids ,  Toothpaste ,  Insect Repellent ,  First Aid Supplies,  Insect Repellent "
Tran4683,"Cold and Flu Medicine ,  First Aid Supplies,  First Aid Supplies"
Tran4684," Band-Aids ,  Toothpaste ,  Insect Repellent ,  First Aid Supplies,  Insect Repellent "
Tran4685,"Blood Pressure Monitor ,  Thermometer,  Blood Pressure Monitor "
Tran4687,Blood Pressure Monitor 
Tran4689,Blood Pressure Monitor 
Tran4691,"Toothpaste ,  Band-Aids,  Toothpaste "
Tran4692,"Eye Drops ,  Blood Pressure Monitor ,  Eye Drops ,  Blood Pressure Monitor "
Tran4693,"Insect Repellent ,  First Aid Supplies ,  Thermometer"
Tran4694," Thermometer ,  Eye Drops "
Tran4695,"Band-Aids ,  Cold and Flu Medicine ,  Blood Pressure Monitor,  Band-Aids "
Tran4696,"Toothpaste ,  Band-Aids,  Toothpaste "
Tran4697,"Eye Drops ,  Blood Pressure Monitor ,  Eye Drops "
Tran4698," Toothpaste,  Toothpaste"
Tran4699,"Cold and Flu Medicine ,  First Aid Supplies,  First Aid Supplies"
Tran4700, Insect Repellent 
Tran4701,"Eye Drops ,  Blood Pressure Monitor ,  Eye Drops "
Tran4702, Insect Repellent 
Tran4703,"First Aid Supplies ,  Thermometer,  Thermometer"
Tran4704,"Cold and Flu Medicine ,  First Aid Supplies,  First Aid Supplies"
Tran4705,"Eye Drops ,  Eye Drops ,  Eye Drops "
Tran4706," Blood Pressure Monitor,  Blood Pressure Monitor"
Tran4707,"Blood Pressure Monitor ,  Thermometer,  Blood Pressure Monitor "
Tran4708,"Toothpaste ,  Band-Aids,  Toothpaste "
Tran4709," Toothpaste,  Toothpaste"
Tran4712,"Cold and Flu Medicine ,  Thermometer,  Thermometer"
Tran4713," Toothpaste,  Toothpaste"
Tran4714,"Band-Aids ,  First Aid Supplies ,  First Aid Supplies "
Tran4715,"Eye Drops ,  Eye Drops "
Tran4716,"Cold and Flu Medicine ,  First Aid Supplies,  First Aid Supplies"
Tran4719,"Band-Aids ,  Cold and Flu Medicine ,  Blood Pressure Monitor,  Band-Aids "
Tran4720,"Eye Drops ,  Eye Drops "
Tran4721, Insect Repellent 
Tran4722," Band-Aids ,  Toothpaste ,  Insect Repellent ,  First Aid Supplies,  Insect Repellent "
Tran4723,"Cold and Flu Medicine ,  Insect Repellent ,  Blood Pressure Monitor,  Cold and Flu Medicine "
Tran4725,"Blood Pressure Monitor ,  Thermometer,  Blood Pressure Monitor "
Tran4726," Thermometer ,  Eye Drops "
Tran4727," Thermometer ,  Eye Drops ,  Eye Drops "
Tran4728," Blood Pressure Monitor,  Blood Pressure Monitor"
Tran4730,"Insect Repellent ,  First Aid Supplies ,  Thermometer"
Tran4731,"Eye Drops ,  Blood Pressure Monitor ,  Eye Drops "
Tran4732,"Cold and Flu Medicine ,  Insect Repellent ,  Blood Pressure Monitor,  Cold and Flu Medicine "
Tran4734,"Band-Aids ,  Cold and Flu Medicine ,  Blood Pressure Monitor,  Band-Aids "
Tran4736,"Band-Aids ,  Cold and Flu Medicine ,  Blood Pressure Monitor,  Band-Aids "
Tran4737, Insect Repellent 
Tran4738," Blood Pressure Monitor,  Blood Pressure Monitor"
Tran4739," Toothpaste,  Toothpaste"
Tran4740,"Insect Repellent ,  First Aid Supplies ,  Thermometer"
Tran4741,"Insect Repellent ,  First Aid Supplies ,  Thermometer,  Insect Repellent "
Tran4742,"Cold and Flu Medicine ,  First Aid Supplies,  First Aid Supplies"
Tran4744,"Toothpaste ,  Band-Aids,  Toothpaste "
Tran4745,"First Aid Supplies ,  Thermometer,  Thermometer"
Tran4746,"Cold and Flu Medicine ,  Insect Repellent ,  Blood Pressure Monitor,  Cold and Flu Medicine "
Tran4747,"Band-Aids ,  Cold and Flu Medicine ,  Blood Pressure Monitor,  Band-Aids "
Tran4748,"Blood Pressure Monitor ,  Thermometer,  Blood Pressure Monitor "
Tran4749," Band-Aids ,  Toothpaste ,  Insect Repellent ,  First Aid Supplies,  Insect Repellent ,  Insect Repellent "
Tran4750," Blood Pressure Monitor,  Blood Pressure Monitor"
Tran4751,"Insect Repellent ,  First Aid Supplies ,  Thermometer"
Tran4752,"Toothpaste ,  Band-Aids,  Toothpaste "
Tran4753,"Eye Drops ,  Eye Drops "
Tran4754," Insect Repellent ,  Insect Repellent "
Tran4755," Thermometer ,  Eye Drops "
Tran4756," Thermometer ,  Eye Drops "
Tran4757,"Cold and Flu Medicine ,  First Aid Supplies,  First Aid Supplies"
Tran4758,"Cold and Flu Medicine ,  Thermometer,  Thermometer"
Tran4759,"Cold and Flu Medicine ,  First Aid Supplies,  First Aid Supplies"
Tran4760,Blood Pressure Monitor 
Tran4761," Band-Aids ,  Toothpaste ,  Insect Repellent ,  First Aid Supplies,  Insect Repellent "
Tran4762,"First Aid Supplies ,  Thermometer,  Thermometer"
Tran4763," Insect Repellent ,  Insect Repellent "
Tran4764,"Cold and Flu Medicine ,  Thermometer,  Thermometer"
Tran4765,"Insect Repellent ,  First Aid Supplies ,  Thermometer"
Tran4766,Blood Pressure Monitor 
Tran4767,"First Aid Supplies ,  Thermometer,  Thermometer"
Tran4768,"Blood Pressure Monitor ,  Thermometer,  Blood Pressure Monitor "
Tran4769,"Blood Pressure Monitor ,  Thermometer,  Blood Pressure Monitor "
Tran4771,"Cold and Flu Medicine ,  Insect Repellent ,  Blood Pressure Monitor,  Cold and Flu Medicine "
Tran4772,"Cold and Flu Medicine ,  First Aid Supplies,  First Aid Supplies"
Tran4773," Blood Pressure Monitor,  Blood Pressure Monitor"
Tran4774,"Cold and Flu Medicine ,  Insect Repellent ,  Blood Pressure Monitor,  Cold and Flu Medicine ,  Blood Pressure Monitor"
Tran4776," Toothpaste,  Toothpaste"
Tran4778,"Blood Pressure Monitor ,  Thermometer,  Blood Pressure Monitor "
Tran4779,"Cold and Flu Medicine ,  Insect Repellent ,  Blood Pressure Monitor,  Cold and Flu Medicine "
Tran4781,"First Aid Supplies ,  Thermometer,  Thermometer"
Tran4783,"Blood Pressure Monitor ,  Thermometer,  Blood Pressure Monitor "
Tran4784,Blood Pressure Monitor 
Tran4785,"Band-Aids ,  Cold and Flu Medicine ,  Blood Pressure Monitor,  Band-Aids "
Tran4786,"Toothpaste ,  Band-Aids,  Toothpaste "
Tran4787,"Band-Aids ,  Cold and Flu Medicine ,  Blood Pressure Monitor,  Band-Aids "
Tran4788,"Cold and Flu Medicine ,  Thermometer,  Thermometer"
Tran4789,"Cold and Flu Medicine ,  Thermometer,  Thermometer"
Tran4790,"Insect Repellent ,  First Aid Supplies ,  Thermometer"
Tran4791," Thermometer ,  Eye Drops "
Tran4792," Thermometer ,  Eye Drops "
Tran4793, Insect Repellent 
Tran4794,"Eye Drops ,  Blood Pressure Monitor ,  Eye Drops "
Tran4795,Blood Pressure Monitor 
Tran4796,"Eye Drops ,  Eye Drops ,  Eye Drops "
Tran4797,"Cold and Flu Medicine ,  Thermometer,  Thermometer"
Tran4798," Blood Pressure Monitor,  Blood Pressure Monitor"
Tran4799,"Band-Aids ,  Cold and Flu Medicine ,  Blood Pressure Monitor,  Band-Aids "
Tran4801,"Toothpaste ,  Band-Aids,  Toothpaste "
Tran4802, Insect Repellent 
Tran4805,"Band-Aids ,  First Aid Supplies ,  First Aid Supplies "
Tran4806," Blood Pressure Monitor,  Blood Pressure Monitor"
Tran4807," Band-Aids ,  Toothpaste ,  Insect Repellent ,  First Aid Supplies,  Insect Repellent "
Tran4809,"Eye Drops ,  Blood Pressure Monitor ,  Eye Drops "
Tran4810," Thermometer ,  Eye Drops "
Tran4811," Toothpaste,  Toothpaste"
Tran4812,"Cold and Flu Medicine ,  First Aid Supplies,  First Aid Supplies"
Tran4813,"Band-Aids ,  Cold and Flu Medicine ,  Blood Pressure Monitor,  Band-Aids "
Tran4814," Thermometer ,  Eye Drops "
Tran4815,"Band-Aids ,  First Aid Supplies ,  First Aid Supplies "
Tran4816,"Cold and Flu Medicine ,  First Aid Supplies,  First Aid Supplies"
Tran4818, Insect Repellent 
Tran4819,"Eye Drops ,  Blood Pressure Monitor ,  Eye Drops "
Tran4820,"Eye Drops ,  Eye Drops ,  Eye Drops "
Tran4821,"Cold and Flu Medicine ,  Thermometer,  Thermometer"
Tran4822,"Cold and Flu Medicine ,  Insect Repellent ,  Blood Pressure Monitor,  Cold and Flu Medicine "
Tran4823,"First Aid Supplies ,  Thermometer,  Thermometer"
Tran4829,"Eye Drops ,  Eye Drops "
Tran4830,"Eye Drops ,  Blood Pressure Monitor ,  Eye Drops "
Tran4832,"Eye Drops ,  Blood Pressure Monitor ,  Eye Drops "
Tran4833,"Cold and Flu Medicine ,  Thermometer,  Thermometer"
Tran4834,"First Aid Supplies ,  Thermometer,  Thermometer"
Tran4835,"Cold and Flu Medicine ,  Thermometer,  Thermometer"
Tran4836,"First Aid Supplies ,  Thermometer,  Thermometer"
Tran4837,Blood Pressure Monitor 
Tran4838,"Band-Aids ,  Cold and Flu Medicine ,  Blood Pressure Monitor,  Band-Aids "
Tran4839,"Cold and Flu Medicine ,  Insect Repellent ,  Blood Pressure Monitor,  Cold and Flu Medicine "
Tran4840,"First Aid Supplies ,  Thermometer,  Thermometer,  Thermometer"
Tran4841,"Cold and Flu Medicine ,  Insect Repellent ,  Blood Pressure Monitor,  Cold and Flu Medicine "
Tran4842,Blood Pressure Monitor 
Tran4843," Band-Aids ,  Toothpaste ,  Insect Repellent ,  First Aid Supplies,  Insect Repellent "
Tran4844," Band-Aids ,  Toothpaste ,  Insect Repellent ,  First Aid Supplies,  Insect Repellent "
Tran4845,"Band-Aids ,  First Aid Supplies ,  First Aid Supplies ,  First Aid Supplies "
Tran4846,"Toothpaste ,  Band-Aids,  Toothpaste "
Tran4847,"Cold and Flu Medicine ,  First Aid Supplies,  First Aid Supplies"
Tran4848, Insect Repellent 
Tran4849," Thermometer ,  Eye Drops "
Tran4850,"Cold and Flu Medicine ,  Insect Repellent ,  Blood Pressure Monitor,  Cold and Flu Medicine "
Tran4851,"Eye Drops ,  Eye Drops "
Tran4852,"First Aid Supplies ,  Thermometer,  Thermometer"
Tran4853," Thermometer ,  Eye Drops "
Tran4854,"Cold and Flu Medicine ,  Insect Repellent ,  Blood Pressure Monitor,  Cold and Flu Medicine "
Tran4855,"Band-Aids ,  Cold and Flu Medicine ,  Blood Pressure Monitor,  Band-Aids ,  Band-Aids "
Tran4856," Thermometer ,  Eye Drops "
Tran4858,"Insect Repellent ,  First Aid Supplies ,  Thermometer"
Tran4859," Thermometer ,  Eye Drops "
Tran4860,"Toothpaste ,  Band-Aids,  Toothpaste "
Tran4861,"Band-Aids ,  First Aid Supplies ,  First Aid Supplies "
Tran4862,"Cold and Flu Medicine ,  Thermometer,  Thermometer"
Tran4865,"Toothpaste ,  Band-Aids,  Toothpaste "
Tran4866," Blood Pressure Monitor,  Blood Pressure Monitor"
Tran4867,"Band-Aids ,  First Aid Supplies ,  First Aid Supplies "
Tran4868," Thermometer ,  Eye Drops "
Tran4869,"Cold and Flu Medicine ,  Insect Repellent ,  Blood Pressure Monitor,  Cold and Flu Medicine ,  Blood Pressure Monitor"
Tran4870,Blood Pressure Monitor 
Tran4871,"Band-Aids ,  First Aid Supplies ,  First Aid Supplies "
Tran4873,"First Aid Supplies ,  Thermometer,  Thermometer,  First Aid Supplies "
Tran4874,"Insect Repellent ,  First Aid Supplies ,  Thermometer"
Tran4875,"Cold and Flu Medicine ,  Thermometer,  Thermometer"
Tran4876," Band-Aids ,  Toothpaste ,  Insect Repellent ,  First Aid Supplies,  Insect Repellent "
Tran4879,"Toothpaste ,  Band-Aids,  Toothpaste "
Tran4880,"Band-Aids ,  First Aid Supplies ,  First Aid Supplies "
Tran4881, Insect Repellent 
Tran4882,"Cold and Flu Medicine ,  Insect Repellent ,  Blood Pressure Monitor,  Cold and Flu Medicine ,  Cold and Flu Medicine "
Tran4883,"Toothpaste ,  Band-Aids,  Toothpaste "
Tran4884,Blood Pressure Monitor 
Tran4885,"Insect Repellent ,  First Aid Supplies ,  Thermometer,  First Aid Supplies "
Tran4886,"First Aid Supplies ,  Thermometer,  Thermometer"
Tran4887,"Cold and Flu Medicine ,  First Aid Supplies,  First Aid Supplies"
Tran4888,"Cold and Flu Medicine ,  Insect Repellent ,  Blood Pressure Monitor,  Cold and Flu Medicine "
Tran4889,"Cold and Flu Medicine ,  Thermometer,  Thermometer"
Tran4890,"Blood Pressure Monitor ,  Thermometer,  Blood Pressure Monitor "
Tran4892,"First Aid Supplies ,  Thermometer,  Thermometer"
Tran4893,"Band-Aids ,  Cold and Flu Medicine ,  Blood Pressure Monitor,  Band-Aids "
Tran4895,"Blood Pressure Monitor ,  Thermometer,  Blood Pressure Monitor ,  Thermometer"
Tran4896,"Eye Drops ,  Blood Pressure Monitor ,  Eye Drops "
Tran4897,"Cold and Flu Medicine ,  Thermometer,  Thermometer"
Tran4898,"Cold and Flu Medicine ,  Insect Repellent ,  Blood Pressure Monitor,  Cold and Flu Medicine "
Tran4901,"Band-Aids ,  First Aid Supplies ,  First Aid Supplies "
Tran4903,"Band-Aids ,  Cold and Flu Medicine ,  Blood Pressure Monitor,  Band-Aids "
Tran4904," Thermometer ,  Eye Drops "
Tran4905,"Blood Pressure Monitor ,  Thermometer,  Blood Pressure Monitor "
Tran4907," Blood Pressure Monitor,  Blood Pressure Monitor"
Tran4908,"Cold and Flu Medicine ,  First Aid Supplies,  First Aid Supplies"
Tran4909,Blood Pressure Monitor 
Tran4911," Thermometer ,  Eye Drops "
Tran4912,"Cold and Flu Medicine ,  First Aid Supplies,  First Aid Supplies"
Tran4913,"Cold and Flu Medicine ,  First Aid Supplies,  First Aid Supplies"
Tran4914," Thermometer ,  Eye Drops "
Tran4916," Thermometer ,  Eye Drops "
Tran4917,"Eye Drops ,  Blood Pressure Monitor ,  Eye Drops "
Tran4919," Band-Aids ,  Toothpaste ,  Insect Repellent ,  First Aid Supplies,  Insect Repellent "
Tran4920,"Band-Aids ,  Cold and Flu Medicine ,  Blood Pressure Monitor,  Band-Aids "
Tran4922,"Cold and Flu Medicine ,  Insect Repellent ,  Blood Pressure Monitor,  Cold and Flu Medicine "
Tran4923," Toothpaste,  Toothpaste"
Tran4924," Band-Aids ,  Toothpaste ,  Insect Repellent ,  First Aid Supplies,  Insect Repellent "
Tran4925,"Band-Aids ,  Cold and Flu Medicine ,  Blood Pressure Monitor,  Band-Aids "
Tran4926," Blood Pressure Monitor,  Blood Pressure Monitor"
Tran4927,"Band-Aids ,  Cold and Flu Medicine ,  Blood Pressure Monitor,  Band-Aids "
Tran4928,Blood Pressure Monitor 
Tran4929, Insect Repellent 
Tran4931,"Insect Repellent ,  First Aid Supplies ,  Thermometer"
Tran4932, Insect Repellent 
Tran4933,"Cold and Flu Medicine ,  Insect Repellent ,  Blood Pressure Monitor,  Cold and Flu Medicine "
Tran4936," Band-Aids ,  Toothpaste ,  Insect Repellent ,  First Aid Supplies,  Insect Repellent "
Tran4937,"Toothpaste ,  Band-Aids,  Toothpaste "
Tran4938,"Cold and Flu Medicine ,  Insect Repellent ,  Blood Pressure Monitor,  Cold and Flu Medicine "
Tran4939," Blood Pressure Monitor,  Blood Pressure Monitor"
Tran4940," Band-Aids ,  Toothpaste ,  Insect Repellent ,  First Aid Supplies,  Insect Repellent "
Tran4941,"Eye Drops ,  Blood Pressure Monitor ,  Eye Drops "
Tran4942,"Cold and Flu Medicine ,  Insect Repellent ,  Blood Pressure Monitor,  Cold and Flu Medicine ,  Cold and Flu Medicine "
Tran4943,"Cold and Flu Medicine ,  First Aid Supplies,  First Aid Supplies"
Tran4944,"Band-Aids ,  Cold and Flu Medicine ,  Blood Pressure Monitor,  Band-Aids "
Tran4945,"Cold and Flu Medicine ,  Insect Repellent ,  Blood Pressure Monitor,  Cold and Flu Medicine "
Tran4946,"Cold and Flu Medicine ,  First Aid Supplies,  First Aid Supplies"
Tran4947, Insect Repellent 
Tran4948,Blood Pressure Monitor 
Tran4950,"Insect Repellent ,  First Aid Supplies ,  Thermometer"
Tran4951,"Cold and Flu Medicine ,  First Aid Supplies,  First Aid Supplies"
Tran4952,"Eye Drops ,  Blood Pressure Monitor ,  Eye Drops "
Tran4953,"Cold and Flu Medicine ,  First Aid Supplies,  First Aid Supplies,  First Aid Supplies"
Tran4954,"First Aid Supplies ,  Thermometer,  Thermometer"
Tran4955,"Toothpaste ,  Band-Aids,  Toothpaste "
Tran4956,"Insect Repellent ,  First Aid Supplies ,  Thermometer"
Tran4957," Blood Pressure Monitor,  Blood Pressure Monitor"
Tran4959, Insect Repellent 
Tran4960,"Toothpaste ,  Band-Aids,  Toothpaste "
Tran4961,"Cold and Flu Medicine ,  Insect Repellent ,  Blood Pressure Monitor,  Cold and Flu Medicine "
Tran4962,"Band-Aids ,  Cold and Flu Medicine ,  Blood Pressure Monitor,  Band-Aids "
Tran4963,"Cold and Flu Medicine ,  Insect Repellent ,  Blood Pressure Monitor,  Cold and Flu Medicine "
Tran4964," Blood Pressure Monitor,  Blood Pressure Monitor"
Tran4965,"Band-Aids ,  Cold and Flu Medicine ,  Blood Pressure Monitor,  Band-Aids "
Tran4966,"Cold and Flu Medicine ,  Insect Repellent ,  Blood Pressure Monitor,  Cold and Flu Medicine "
Tran4967," Blood Pressure Monitor,  Blood Pressure Monitor"
Tran4968,"First Aid Supplies ,  Thermometer,  Thermometer"
Tran4969," Band-Aids ,  Toothpaste ,  Insect Repellent ,  First Aid Supplies,  Insect Repellent "
Tran4970," Band-Aids ,  Toothpaste ,  Insect Repellent ,  First Aid Supplies,  Insect Repellent "
Tran4972,"Blood Pressure Monitor ,  Thermometer,  Blood Pressure Monitor "
Tran4973,"Cold and Flu Medicine ,  First Aid Supplies,  First Aid Supplies"
Tran4975," Toothpaste,  Toothpaste"
Tran4976,"First Aid Supplies ,  Thermometer,  Thermometer"
Tran4977,"Blood Pressure Monitor ,  Thermometer,  Blood Pressure Monitor "
Tran4978,"Blood Pressure Monitor ,  Thermometer,  Blood Pressure Monitor "
Tran4981,"Band-Aids ,  First Aid Supplies ,  First Aid Supplies "
Tran4982,Blood Pressure Monitor 
Tran4983,"Band-Aids ,  First Aid Supplies ,  First Aid Supplies "
Tran4984,"Eye Drops ,  Eye Drops "
Tran4987,"Eye Drops ,  Blood Pressure Monitor ,  Eye Drops "
Tran4988,"Eye Drops ,  Blood Pressure Monitor ,  Eye Drops "
Tran4989,"Band-Aids ,  Cold and Flu Medicine ,  Blood Pressure Monitor,  Band-Aids "
Tran4990,"Cold and Flu Medicine ,  Insect Repellent ,  Blood Pressure Monitor,  Cold and Flu Medicine "
Tran4991," Band-Aids ,  Toothpaste ,  Insect Repellent ,  First Aid Supplies,  Insect Repellent "
Tran4992,"Cold and Flu Medicine ,  Insect Repellent ,  Blood Pressure Monitor,  Cold and Flu Medicine "
Tran4993,"First Aid Supplies ,  Thermometer,  Thermometer"
Tran4996,"First Aid Supplies ,  Thermometer,  Thermometer"
Tran4997," Blood Pressure Monitor,  Blood Pressure Monitor"
Tran4998, Insect Repellent 
Tran4999," Band-Aids ,  Toothpaste ,  Insect Repellent ,  First Aid Supplies,  Insect Repellent "
Tran5000,"First Aid Supplies ,  Thermometer,  Thermometer"
Tran5001,"Eye Drops ,  Eye Drops "
Tran5002,"First Aid Supplies ,  Thermometer,  Thermometer"
Tran5003,"Eye Drops ,  Eye Drops "
Tran5004," Band-Aids ,  Toothpaste ,  Insect Repellent ,  First Aid Supplies,  Insect Repellent "
Tran5005,"Cold and Flu Medicine ,  Thermometer,  Thermometer"
Tran5006, Insect Repellent 
Tran5007,"Eye Drops ,  Eye Drops "
Tran5008," Band-Aids ,  Toothpaste ,  Insect Repellent ,  First Aid Supplies,  Insect Repellent ,  Toothpaste "
Tran5009,"Cold and Flu Medicine ,  Insect Repellent ,  Blood Pressure Monitor,  Cold and Flu Medicine "
Tran5010," Blood Pressure Monitor,  Blood Pressure Monitor"
Tran5012,"Cold and Flu Medicine ,  Insect Repellent ,  Blood Pressure Monitor,  Cold and Flu Medicine "
Tran5013, Insect Repellent 
Tran5014," Band-Aids ,  Toothpaste ,  Insect Repellent ,  First Aid Supplies,  Insect Repellent ,  First Aid Supplies"
Tran5015,"Toothpaste ,  Band-Aids,  Toothpaste "
Tran5016,"First Aid Supplies ,  Thermometer,  Thermometer"
Tran5017,"Cold and Flu Medicine ,  Thermometer,  Thermometer"
Tran5018,"Eye Drops ,  Eye Drops "
Tran5019,"Cold and Flu Medicine ,  Insect Repellent ,  Blood Pressure Monitor,  Cold and Flu Medicine ,  Insect Repellent "
Tran5020,"Band-Aids ,  First Aid Supplies ,  First Aid Supplies "
Tran4021,"Cold and Flu Medicine ,  First Aid Supplies,  First Aid Supplies,  First Aid Supplies"
Tran4024,"Band-Aids ,  First Aid Supplies ,  First Aid Supplies "
Tran4025,"Toothpaste ,  Band-Aids,  Toothpaste "
Tran4027,"Cold and Flu Medicine ,  Thermometer,  Thermometer"
Tran4028,"Blood Pressure Monitor ,  Thermometer,  Blood Pressure Monitor "
Tran4029," Band-Aids ,  Toothpaste ,  Insect Repellent ,  First Aid Supplies,  Insect Repellent "
Tran4030,Blood Pressure Monitor 
Tran4031,"Cold and Flu Medicine ,  First Aid Supplies,  First Aid Supplies"
Tran4032,"Cold and Flu Medicine ,  Insect Repellent ,  Blood Pressure Monitor,  Cold and Flu Medicine "
Tran4033," Toothpaste,  Toothpaste"
Tran4034," Band-Aids ,  Toothpaste ,  Insect Repellent ,  First Aid Supplies,  Insect Repellent "
Tran4035,"Band-Aids ,  Cold and Flu Medicine ,  Blood Pressure Monitor,  Band-Aids "
Tran4036," Band-Aids ,  Toothpaste ,  Insect Repellent ,  First Aid Supplies,  Insect Repellent "
Tran4037,Blood Pressure Monitor 
Tran4038,"Cold and Flu Medicine ,  Thermometer,  Thermometer"
Tran4039, Insect Repellent 
Tran4040,"Band-Aids ,  First Aid Supplies ,  First Aid Supplies "
Tran4041, Insect Repellent 
Tran4042,"Cold and Flu Medicine ,  Thermometer,  Thermometer"
Tran4043,Blood Pressure Monitor 
Tran4044,"Eye Drops ,  Eye Drops "
Tran4045,"Band-Aids ,  Cold and Flu Medicine ,  Blood Pressure Monitor,  Band-Aids "
Tran4046,"Cold and Flu Medicine ,  Insect Repellent ,  Blood Pressure Monitor,  Cold and Flu Medicine "
Tran4047,"Cold and Flu Medicine ,  Thermometer,  Thermometer"
Tran4049,"Eye Drops ,  Blood Pressure Monitor ,  Eye Drops "
Tran4050," Toothpaste,  Toothpaste,  Toothpaste"
Tran4051," Band-Aids ,  Toothpaste ,  Insect Repellent ,  First Aid Supplies,  Insect Repellent "
Tran4052, Insect Repellent 
Tran4054,"First Aid Supplies ,  Thermometer,  Thermometer"
Tran4055,"Blood Pressure Monitor ,  Thermometer,  Blood Pressure Monitor "
Tran4056, Insect Repellent 
Tran4057," Band-Aids ,  Toothpaste ,  Insect Repellent ,  First Aid Supplies,  Insect Repellent "
Tran4058," Band-Aids ,  Toothpaste ,  Insect Repellent ,  First Aid Supplies,  Insect Repellent "
Tran4059,"Cold and Flu Medicine ,  Insect Repellent ,  Blood Pressure Monitor,  Cold and Flu Medicine "
Tran4060,"Blood Pressure Monitor ,  Thermometer,  Blood Pressure Monitor "
Tran4061,"Cold and Flu Medicine ,  Thermometer,  Thermometer"
Tran4062,"Eye Drops ,  Eye Drops "
Tran4063,Blood Pressure Monitor 
Tran4064,"Cold and Flu Medicine ,  First Aid Supplies,  First Aid Supplies"
Tran4065,"Cold and Flu Medicine ,  First Aid Supplies,  First Aid Supplies"
Tran4066," Toothpaste,  Toothpaste"
Tran4068," Thermometer ,  Eye Drops "
Tran4069,"First Aid Supplies ,  Thermometer,  Thermometer"
Tran4070,"Band-Aids ,  First Aid Supplies ,  First Aid Supplies "
Tran4071,"Cold and Flu Medicine ,  First Aid Supplies,  First Aid Supplies"
Tran4072,"Eye Drops ,  Eye Drops "
Tran4073,"Toothpaste ,  Band-Aids,  Toothpaste "
Tran4075,"Blood Pressure Monitor ,  Blood Pressure Monitor "
Tran4076,"Eye Drops ,  Blood Pressure Monitor ,  Eye Drops "
Tran4078," Band-Aids ,  Toothpaste ,  Insect Repellent ,  First Aid Supplies,  Insect Repellent "
Tran4079,"Insect Repellent ,  First Aid Supplies ,  Thermometer"
Tran4080,"Band-Aids ,  Cold and Flu Medicine ,  Blood Pressure Monitor,  Band-Aids "
Tran4082,"Eye Drops ,  Eye Drops "
Tran4083,"Cold and Flu Medicine ,  Thermometer,  Thermometer"
Tran4085,"Band-Aids ,  First Aid Supplies ,  First Aid Supplies "
Tran4086, Insect Repellent 
Tran4090,"Band-Aids ,  First Aid Supplies ,  First Aid Supplies "
Tran4093,"Blood Pressure Monitor ,  Thermometer,  Blood Pressure Monitor "
Tran4094,"First Aid Supplies ,  Thermometer,  Thermometer"
Tran4095,"Toothpaste ,  Band-Aids,  Toothpaste "
Tran4096,Blood Pressure Monitor 
Tran4097, Insect Repellent 
Tran4098,"Eye Drops ,  Blood Pressure Monitor ,  Eye Drops ,  Eye Drops "
Tran4099,"Band-Aids ,  Cold and Flu Medicine ,  Blood Pressure Monitor,  Band-Aids "
Tran4100," Toothpaste,  Toothpaste"
Tran4101,"Band-Aids ,  Cold and Flu Medicine ,  Blood Pressure Monitor,  Band-Aids "
Tran4102, Insect Repellent 
Tran4103,"Eye Drops ,  Eye Drops "
Tran4104,"Eye Drops ,  Eye Drops "
Tran4105," Blood Pressure Monitor,  Blood Pressure Monitor"
Tran4107,"Insect Repellent ,  First Aid Supplies ,  Thermometer"
Tran4108,"Blood Pressure Monitor ,  Blood Pressure Monitor "
Tran4109," Thermometer ,  Eye Drops "
Tran4110,"Band-Aids ,  Cold and Flu Medicine ,  Blood Pressure Monitor,  Band-Aids "
Tran4112,"Cold and Flu Medicine ,  Insect Repellent ,  Blood Pressure Monitor,  Cold and Flu Medicine ,  Blood Pressure Monitor"
Tran4114,"Band-Aids ,  First Aid Supplies ,  First Aid Supplies "
Tran4115," Band-Aids ,  Toothpaste ,  Insect Repellent ,  First Aid Supplies,  Insect Repellent "
Tran4116,"Toothpaste ,  Band-Aids,  Toothpaste "
Tran4117,"Eye Drops ,  Blood Pressure Monitor ,  Eye Drops "
Tran4118,"First Aid Supplies ,  Thermometer,  Thermometer"
Tran4119," Toothpaste,  Toothpaste"
Tran4120,"Band-Aids ,  First Aid Supplies ,  First Aid Supplies "
Tran4121," Thermometer ,  Eye Drops "
Tran4122,Blood Pressure Monitor 
Tran4123,"Blood Pressure Monitor ,  Thermometer,  Blood Pressure Monitor "
Tran4124,"Cold and Flu Medicine ,  Thermometer,  Thermometer"
Tran4125,"Insect Repellent ,  First Aid Supplies ,  Thermometer"
Tran4126,Blood Pressure Monitor 
Tran4127,"Eye Drops ,  Eye Drops "
Tran4129," Band-Aids ,  Toothpaste ,  Insect Repellent ,  First Aid Supplies,  Insect Repellent "
Tran4130,"First Aid Supplies ,  Thermometer,  Thermometer"
Tran4131,"Cold and Flu Medicine ,  First Aid Supplies,  First Aid Supplies"
Tran4132,"Cold and Flu Medicine ,  First Aid Supplies,  First Aid Supplies"
Tran4133," Band-Aids ,  Toothpaste ,  Insect Repellent ,  First Aid Supplies,  Insect Repellent "
Tran4134,"Cold and Flu Medicine ,  Thermometer,  Thermometer"
Tran4135," Band-Aids ,  Toothpaste ,  Insect Repellent ,  First Aid Supplies,  Insect Repellent "
Tran4136,"Blood Pressure Monitor ,  Thermometer,  Blood Pressure Monitor "
Tran4137,"Cold and Flu Medicine ,  First Aid Supplies,  First Aid Supplies"
Tran4138,"Cold and Flu Medicine ,  First Aid Supplies,  First Aid Supplies"
Tran4139,"Band-Aids ,  Cold and Flu Medicine ,  Blood Pressure Monitor,  Band-Aids "
Tran4140,"Insect Repellent ,  First Aid Supplies ,  Thermometer"
Tran4141, Insect Repellent 
Tran4142,"Band-Aids ,  Cold and Flu Medicine ,  Blood Pressure Monitor,  Band-Aids "
Tran4143,Blood Pressure Monitor 
Tran4144,"Insect Repellent ,  First Aid Supplies ,  Thermometer"
Tran4145,"Blood Pressure Monitor ,  Thermometer,  Blood Pressure Monitor "
Tran4147," Band-Aids ,  Toothpaste ,  Insect Repellent ,  First Aid Supplies,  Insect Repellent "
Tran4149," Thermometer ,  Eye Drops ,  Thermometer "
Tran4151,Blood Pressure Monitor 
Tran4152," Band-Aids ,  Toothpaste ,  Insect Repellent ,  First Aid Supplies,  Insect Repellent "
Tran4153,"Eye Drops ,  Eye Drops ,  Eye Drops "
Tran4154,"Band-Aids ,  Cold and Flu Medicine ,  Blood Pressure Monitor,  Band-Aids "
Tran4156,"Cold and Flu Medicine ,  Insect Repellent ,  Blood Pressure Monitor,  Cold and Flu Medicine "
Tran4157,"Toothpaste ,  Band-Aids,  Toothpaste "
Tran4158,"Band-Aids ,  Cold and Flu Medicine ,  Blood Pressure Monitor,  Band-Aids "
Tran4159,"First Aid Supplies ,  Thermometer,  Thermometer"
Tran4160, Insect Repellent 
Tran4161,"First Aid Supplies ,  Thermometer,  Thermometer"
Tran4163,"Band-Aids ,  Cold and Flu Medicine ,  Blood Pressure Monitor,  Band-Aids "
Tran4164," Band-Aids ,  Toothpaste ,  Insect Repellent ,  First Aid Supplies,  Insect Repellent "
Tran4165,"Cold and Flu Medicine ,  First Aid Supplies,  First Aid Supplies"
Tran4166,"Insect Repellent ,  First Aid Supplies ,  Thermometer"
Tran4167,Blood Pressure Monitor 
Tran4168,"Cold and Flu Medicine ,  First Aid Supplies,  First Aid Supplies"
Tran4169," Blood Pressure Monitor,  Blood Pressure Monitor"
Tran4170,"Eye Drops ,  Blood Pressure Monitor ,  Eye Drops "
Tran4173,"Band-Aids ,  First Aid Supplies ,  First Aid Supplies "
Tran4175,"Toothpaste ,  Band-Aids,  Toothpaste "
Tran4176,"Toothpaste ,  Band-Aids,  Toothpaste "
Tran4178,"Toothpaste ,  Band-Aids,  Toothpaste "
Tran4179,"Cold and Flu Medicine ,  Insect Repellent ,  Blood Pressure Monitor,  Cold and Flu Medicine "
Tran4180,"Toothpaste ,  Band-Aids,  Toothpaste "
Tran4181,"Cold and Flu Medicine ,  Thermometer,  Thermometer"
Tran4183,"Toothpaste ,  Band-Aids,  Toothpaste "
Tran4184," Thermometer ,  Eye Drops "
Tran4185,"Cold and Flu Medicine ,  Insect Repellent ,  Blood Pressure Monitor,  Cold and Flu Medicine "
Tran4186,"Cold and Flu Medicine ,  First Aid Supplies,  First Aid Supplies"
Tran4187,"Cold and Flu Medicine ,  Thermometer,  Thermometer"
Tran4188," Toothpaste,  Toothpaste"
Tran4189," Blood Pressure Monitor,  Blood Pressure Monitor"
Tran4191,"Cold and Flu Medicine ,  Insect Repellent ,  Blood Pressure Monitor,  Cold and Flu Medicine "
Tran4192, Insect Repellent 
Tran4193,"Cold and Flu Medicine ,  Insect Repellent ,  Blood Pressure Monitor,  Cold and Flu Medicine "
Tran4194,"Insect Repellent ,  First Aid Supplies ,  Thermometer"
Tran4195," Band-Aids ,  Toothpaste ,  Insect Repellent ,  First Aid Supplies,  Insect Repellent "
Tran4196,Blood Pressure Monitor 
Tran4197,"First Aid Supplies ,  Thermometer,  Thermometer,  Thermometer"
Tran4198," Toothpaste,  Toothpaste,  Toothpaste"
Tran4199,"Eye Drops ,  Blood Pressure Monitor ,  Eye Drops "
Tran4200,"Blood Pressure Monitor ,  Thermometer,  Blood Pressure Monitor "
Tran4201,"Cold and Flu Medicine ,  First Aid Supplies,  First Aid Supplies"
Tran4203,"Blood Pressure Monitor ,  Thermometer,  Blood Pressure Monitor "
Tran4204," Blood Pressure Monitor,  Blood Pressure Monitor,  Blood Pressure Monitor"
Tran4206,Blood Pressure Monitor 
Tran4207,"Cold and Flu Medicine ,  Insect Repellent ,  Blood Pressure Monitor,  Cold and Flu Medicine "
Tran4211,"Band-Aids ,  First Aid Supplies ,  First Aid Supplies "
Tran4212,"Cold and Flu Medicine ,  First Aid Supplies,  First Aid Supplies,  First Aid Supplies"
Tran4213," Blood Pressure Monitor,  Blood Pressure Monitor"
Tran4214,"Band-Aids ,  Cold and Flu Medicine ,  Blood Pressure Monitor,  Band-Aids "
Tran4215,"Band-Aids ,  Cold and Flu Medicine ,  Blood Pressure Monitor,  Band-Aids "
Tran4216,"Blood Pressure Monitor ,  Thermometer,  Blood Pressure Monitor "
Tran4217,"Toothpaste ,  Band-Aids,  Toothpaste ,  Toothpaste "
