Transaction ID,Filtered Transaction
Tran3021,"Razors,  Razors"
Tran3022,"Milk ,  Toilet Paper,  Milk "
Tran3023," Toilet Paper ,  Trash Bags,  Toilet Paper "
Tran3024," Lotion,  Lotion"
Tran3025," Laundry Detergent ,  Trash Bags ,  Dog Food ,  Lotion,  Trash Bags "
Tran3026,"Milk ,  Toilet Paper,  Milk "
Tran3027,"Milk,  Milk"
Tran3028,"Milk,  Milk"
Tran3029," Laundry Detergent ,  Trash Bags ,  Dog Food ,  Lotion,  Trash Bags "
Tran3030,"Laundry Detergent ,  Laundry Detergent "
Tran3031,"Milk ,  Paper Towels,  Paper Towels"
Tran3032,"Milk ,  Toilet Paper,  Milk "
Tran3034,"Paper Towels,  Paper Towels"
Tran3035," Dog Food,  Dog Food"
Tran3036," Lotion,  Lotion,  Lotion"
Tran3037," Toilet Paper ,  Trash Bags,  Toilet Paper "
Tran3038,"Milk,  Milk"
Tran3039,"Paper Towels,  Paper Towels"
Tran3040,"Dog Food ,  Trash Bags ,  Trash Bags "
Tran3041,"Laundry Detergent ,  Trash Bags,  Laundry Detergent "
Tran3042," Toilet Paper ,  Trash Bags,  Toilet Paper "
Tran3043,"Razors,  Razors"
Tran3044," Laundry Detergent ,  Dog Food"
Tran3045,"Razors,  Razors,  Razors"
Tran3046,"Laundry Detergent ,  Laundry Detergent "
Tran3047,"Milk ,  Toilet Paper,  Milk "
Tran3048," Dog Food,  Dog Food"
Tran3049,"Milk ,  Toilet Paper ,  Paper Towels ,  Razors,  Milk "
Tran3050,"Paper Towels,  Paper Towels"
Tran3051," Dog Food,  Dog Food"
Tran3052," Laundry Detergent ,  Dog Food"
Tran3053," Laundry Detergent ,  Trash Bags ,  Dog Food ,  Lotion,  Trash Bags "
Tran3054,"Milk ,  Toilet Paper,  Milk "
Tran3055,"Paper Towels,  Paper Towels"
Tran3056," Dog Food,  Dog Food"
Tran3057,"Paper Towels,  Paper Towels"
Tran3058,"Milk ,  Toilet Paper,  Milk "
Tran3059," Laundry Detergent ,  Dog Food"
Tran3060,"Paper Towels,  Paper Towels"
Tran3061,"Milk,  Milk"
Tran3062,"Milk ,  Toilet Paper,  Milk "
Tran3063," Dog Food,  Dog Food,  Dog Food"
Tran3064," Laundry Detergent ,  Trash Bags ,  Dog Food ,  Lotion,  Trash Bags "
Tran3065," Dog Food,  Dog Food"
Tran3066,"Paper Towels,  Paper Towels"
Tran3067,"Razors,  Razors"
Tran3068," Dog Food,  Dog Food"
Tran3070," Laundry Detergent ,  Dog Food"
Tran3071," Toilet Paper ,  Trash Bags,  Toilet Paper "
Tran3072," Laundry Detergent ,  Dog Food"
Tran3073,"Lotion ,  Milk,  Lotion "
Tran3074," Dog Food,  Dog Food"
Tran3075,"Lotion ,  Milk,  Lotion "
Tran3076,"Milk ,  Paper Towels,  Paper Towels"
Tran3077," Laundry Detergent ,  Trash Bags ,  Dog Food ,  Lotion,  Trash Bags "
Tran3078,"Paper Towels,  Paper Towels"
Tran3080,"Milk ,  Toilet Paper ,  Paper Towels ,  Razors,  Milk "
Tran3081,"Milk ,  Toilet Paper ,  Paper Towels ,  Razors,  Milk "
Tran3082,"Milk ,  Toilet Paper,  Milk ,  Milk "
Tran3083," Milk ,  Laundry Detergent ,  Razors,  Milk "
Tran3084,"Dog Food ,  Razors,  Razors"
Tran3085," Lotion,  Lotion"
Tran3086," Dog Food,  Dog Food"
Tran3088,"Laundry Detergent ,  Laundry Detergent ,  Laundry Detergent "
Tran3089," Laundry Detergent ,  Trash Bags ,  Dog Food ,  Lotion,  Trash Bags "
Tran3090," Toilet Paper ,  Trash Bags,  Toilet Paper "
Tran3091," Toilet Paper ,  Trash Bags,  Toilet Paper ,  Toilet Paper "
Tran3092," Lotion,  Lotion"
Tran3093,"Lotion ,  Milk,  Lotion ,  Milk"
Tran3094,"Milk,  Milk"
Tran3095,"Dog Food ,  Razors,  Razors"
Tran3096,"Milk ,  Paper Towels,  Paper Towels"
Tran3097," Toilet Paper ,  Trash Bags,  Toilet Paper "
Tran3098,"Milk ,  Paper Towels,  Paper Towels"
Tran3099,"Milk ,  Toilet Paper,  Milk "
Tran3100,"Laundry Detergent ,  Trash Bags,  Laundry Detergent "
Tran3101," Lotion,  Lotion"
Tran3102," Dog Food,  Dog Food,  Dog Food"
Tran3103,"Milk ,  Paper Towels,  Paper Towels"
Tran3104,"Razors,  Razors"
Tran3105," Laundry Detergent ,  Dog Food"
Tran3107,"Milk,  Milk"
Tran3108,"Milk ,  Toilet Paper,  Milk "
Tran3109," Dog Food,  Dog Food"
Tran3110," Toilet Paper ,  Trash Bags,  Toilet Paper "
Tran3111,"Dog Food ,  Trash Bags ,  Trash Bags "
Tran3112," Milk ,  Laundry Detergent ,  Razors,  Milk "
Tran3113,"Milk,  Milk"
Tran3114," Milk ,  Laundry Detergent ,  Razors,  Milk "
Tran3115," Laundry Detergent ,  Trash Bags ,  Dog Food ,  Lotion,  Trash Bags "
Tran3116,"Milk ,  Toilet Paper ,  Paper Towels ,  Razors,  Milk "
Tran3117,"Lotion ,  Milk,  Lotion "
Tran3118,"Milk,  Milk"
Tran3119,"Paper Towels,  Paper Towels"
Tran3120,"Laundry Detergent ,  Laundry Detergent "
Tran3121,"Milk ,  Paper Towels,  Paper Towels"
Tran3123," Razors ,  Dog Food,  Razors ,  Razors "
Tran3125," Razors ,  Dog Food,  Razors "
Tran3126,"Milk,  Milk"
Tran3127,"Milk ,  Toilet Paper,  Milk "
Tran3128,"Dog Food ,  Trash Bags ,  Trash Bags "
Tran3129," Toilet Paper ,  Trash Bags,  Toilet Paper "
Tran3130,"Dog Food ,  Razors,  Razors"
Tran3131,"Laundry Detergent ,  Trash Bags,  Laundry Detergent "
Tran3132,"Dog Food ,  Razors,  Razors"
Tran3133,"Dog Food ,  Razors,  Razors"
Tran3134,"Dog Food ,  Razors,  Razors"
Tran3135,"Laundry Detergent ,  Laundry Detergent "
Tran3136,"Milk,  Milk"
Tran3137,"Paper Towels,  Paper Towels"
Tran3138," Laundry Detergent ,  Trash Bags ,  Dog Food ,  Lotion,  Trash Bags "
Tran3139,"Razors,  Razors,  Razors"
Tran3140,"Laundry Detergent ,  Trash Bags,  Laundry Detergent "
Tran3141,"Paper Towels,  Paper Towels"
Tran3142," Lotion,  Lotion"
Tran3143,"Dog Food ,  Razors,  Razors"
Tran3144,"Lotion ,  Milk,  Lotion "
Tran3145,"Lotion ,  Milk,  Lotion "
Tran3146,"Milk,  Milk"
Tran3147," Toilet Paper ,  Trash Bags,  Toilet Paper "
Tran3148,"Milk ,  Toilet Paper ,  Paper Towels ,  Razors,  Milk "
Tran3149,"Laundry Detergent ,  Laundry Detergent "
Tran3150,"Laundry Detergent ,  Laundry Detergent "
Tran3151,"Milk ,  Paper Towels,  Paper Towels,  Paper Towels"
Tran3152,"Milk ,  Paper Towels,  Paper Towels"
Tran3153,"Laundry Detergent ,  Laundry Detergent "
Tran3154," Razors ,  Dog Food,  Razors "
Tran3155,"Lotion ,  Milk,  Lotion "
Tran3156,"Milk,  Milk"
Tran3157,"Milk ,  Paper Towels,  Paper Towels"
Tran3158," Laundry Detergent ,  Dog Food"
Tran3159,"Razors,  Razors"
Tran3160,"Laundry Detergent ,  Trash Bags,  Laundry Detergent "
Tran3161,"Milk ,  Toilet Paper ,  Paper Towels ,  Razors,  Milk "
Tran3162," Milk ,  Laundry Detergent ,  Razors,  Milk ,  Razors"
Tran3163," Laundry Detergent ,  Trash Bags ,  Dog Food ,  Lotion,  Trash Bags "
Tran3164,"Laundry Detergent ,  Laundry Detergent "
Tran3165," Toilet Paper ,  Trash Bags,  Toilet Paper "
Tran3166,"Lotion ,  Milk,  Lotion "
Tran3167," Milk ,  Laundry Detergent ,  Razors,  Milk "
Tran3168,"Lotion ,  Milk,  Lotion "
Tran3169,"Paper Towels,  Paper Towels"
Tran3170," Toilet Paper ,  Trash Bags,  Toilet Paper "
Tran3171," Milk ,  Laundry Detergent ,  Razors,  Milk "
Tran3172," Razors ,  Dog Food,  Razors "
Tran3173," Dog Food,  Dog Food"
Tran3174,"Dog Food ,  Razors,  Razors"
Tran3175," Laundry Detergent ,  Trash Bags ,  Dog Food ,  Lotion,  Trash Bags "
Tran3176,"Milk ,  Toilet Paper ,  Paper Towels ,  Razors,  Milk "
Tran3177,"Laundry Detergent ,  Laundry Detergent "
Tran3178,"Laundry Detergent ,  Trash Bags,  Laundry Detergent "
Tran3179,"Razors,  Razors"
Tran3180," Laundry Detergent ,  Dog Food"
Tran3181,"Razors,  Razors"
Tran3182," Dog Food,  Dog Food,  Dog Food"
Tran3183,"Laundry Detergent ,  Trash Bags,  Laundry Detergent "
Tran3184," Dog Food,  Dog Food"
Tran3186," Laundry Detergent ,  Dog Food"
Tran3187,"Lotion ,  Milk,  Lotion "
Tran3188," Toilet Paper ,  Trash Bags,  Toilet Paper "
Tran3189,"Laundry Detergent ,  Laundry Detergent "
Tran3190," Lotion,  Lotion"
Tran3191,"Dog Food ,  Razors,  Razors"
Tran3192,"Milk ,  Paper Towels,  Paper Towels"
Tran3194," Razors ,  Dog Food,  Razors "
Tran3195," Toilet Paper ,  Trash Bags,  Toilet Paper "
Tran3196," Laundry Detergent ,  Trash Bags ,  Dog Food ,  Lotion,  Trash Bags ,  Trash Bags "
Tran3197," Laundry Detergent ,  Trash Bags ,  Dog Food ,  Lotion,  Trash Bags "
Tran3199,"Laundry Detergent ,  Laundry Detergent "
Tran3200,"Dog Food ,  Trash Bags ,  Trash Bags "
Tran3201,"Milk ,  Paper Towels,  Paper Towels"
Tran3203,"Dog Food ,  Trash Bags ,  Trash Bags "
Tran3204,"Milk ,  Paper Towels,  Paper Towels"
Tran3205,"Milk,  Milk"
Tran3206," Laundry Detergent ,  Dog Food"
Tran3207,"Laundry Detergent ,  Trash Bags,  Laundry Detergent "
Tran3208," Laundry Detergent ,  Dog Food"
Tran3209," Laundry Detergent ,  Dog Food"
Tran3210," Toilet Paper ,  Trash Bags,  Toilet Paper "
Tran3211," Milk ,  Laundry Detergent ,  Razors,  Milk "
Tran3212,"Razors,  Razors"
Tran3213,"Laundry Detergent ,  Trash Bags,  Laundry Detergent "
Tran3214," Milk ,  Laundry Detergent ,  Razors,  Milk "
Tran3215,"Dog Food ,  Trash Bags ,  Trash Bags "
Tran3217,"Lotion ,  Milk,  Lotion ,  Milk"
Tran3218," Toilet Paper ,  Trash Bags,  Toilet Paper "
Tran3219,"Laundry Detergent ,  Laundry Detergent "
Tran3220,"Laundry Detergent ,  Laundry Detergent "
Tran3221,"Laundry Detergent ,  Trash Bags,  Laundry Detergent "
Tran3222,"Laundry Detergent ,  Laundry Detergent "
Tran3223,"Razors,  Razors"
Tran3224,"Milk ,  Paper Towels,  Paper Towels"
Tran3225," Laundry Detergent ,  Dog Food,  Dog Food"
Tran3226," Dog Food,  Dog Food"
Tran3227," Dog Food,  Dog Food,  Dog Food"
Tran3228,"Milk ,  Toilet Paper ,  Paper Towels ,  Razors,  Milk "
Tran3229,"Milk ,  Paper Towels,  Paper Towels"
Tran3230,"Paper Towels,  Paper Towels"
Tran3231,"Razors,  Razors"
Tran3232," Milk ,  Laundry Detergent ,  Razors,  Milk "
Tran3233,"Milk ,  Paper Towels,  Paper Towels"
Tran3234," Dog Food,  Dog Food"
Tran3235,"Razors,  Razors"
Tran3236," Dog Food,  Dog Food,  Dog Food"
Tran3237,"Laundry Detergent ,  Trash Bags,  Laundry Detergent "
Tran3240,"Milk ,  Toilet Paper,  Milk "
Tran3241," Laundry Detergent ,  Trash Bags ,  Dog Food ,  Lotion,  Trash Bags ,  Trash Bags "
Tran3242,"Milk ,  Toilet Paper ,  Paper Towels ,  Razors,  Milk "
Tran3243,"Laundry Detergent ,  Trash Bags,  Laundry Detergent "
Tran3245,"Milk ,  Toilet Paper ,  Paper Towels ,  Razors,  Milk "
Tran3246," Dog Food,  Dog Food,  Dog Food"
Tran3247," Lotion,  Lotion"
Tran3248," Razors ,  Dog Food,  Razors "
Tran3249," Dog Food,  Dog Food"
Tran3251,"Dog Food ,  Razors,  Razors"
Tran3252,"Laundry Detergent ,  Laundry Detergent "
Tran3253,"Laundry Detergent ,  Trash Bags,  Laundry Detergent "
Tran3255,"Milk ,  Toilet Paper,  Milk "
Tran3256,"Dog Food ,  Razors,  Razors"
Tran3257," Razors ,  Dog Food,  Razors "
Tran3258,"Paper Towels,  Paper Towels,  Paper Towels"
Tran3259,"Dog Food ,  Trash Bags ,  Trash Bags "
Tran3260," Razors ,  Dog Food,  Razors "
Tran3262," Toilet Paper ,  Trash Bags,  Toilet Paper "
Tran3263,"Milk,  Milk"
Tran3264,"Milk ,  Toilet Paper,  Milk "
Tran3265,"Laundry Detergent ,  Laundry Detergent "
Tran3266,"Lotion ,  Milk,  Lotion "
Tran3267,"Dog Food ,  Trash Bags ,  Trash Bags "
Tran3268,"Milk,  Milk"
Tran3269," Dog Food,  Dog Food"
Tran3270," Milk ,  Laundry Detergent ,  Razors,  Milk "
Tran3273," Milk ,  Laundry Detergent ,  Razors,  Milk "
Tran3274,"Milk ,  Toilet Paper ,  Paper Towels ,  Razors,  Milk "
Tran3275,"Laundry Detergent ,  Trash Bags,  Laundry Detergent "
Tran3276,"Milk ,  Toilet Paper ,  Paper Towels ,  Razors,  Milk "
Tran3277,"Lotion ,  Milk,  Lotion "
Tran3279,"Lotion ,  Milk,  Lotion "
Tran3281,"Dog Food ,  Razors,  Razors"
Tran3282,"Dog Food ,  Trash Bags ,  Trash Bags "
Tran3283,"Dog Food ,  Trash Bags ,  Trash Bags "
Tran3284,"Laundry Detergent ,  Trash Bags,  Laundry Detergent "
Tran3285," Laundry Detergent ,  Trash Bags ,  Dog Food ,  Lotion,  Trash Bags "
Tran3286,"Milk ,  Paper Towels,  Paper Towels"
Tran3287,"Paper Towels,  Paper Towels"
Tran3288,"Laundry Detergent ,  Laundry Detergent "
Tran3290,"Dog Food ,  Razors,  Razors"
Tran3291," Laundry Detergent ,  Dog Food"
Tran3292,"Milk ,  Paper Towels,  Paper Towels,  Paper Towels"
Tran3293,"Laundry Detergent ,  Laundry Detergent "
Tran3294,"Laundry Detergent ,  Trash Bags,  Laundry Detergent "
Tran3295," Toilet Paper ,  Trash Bags,  Toilet Paper "
Tran3297," Laundry Detergent ,  Dog Food"
Tran3298,"Milk ,  Toilet Paper,  Milk "
Tran3299," Razors ,  Dog Food,  Razors "
Tran3300," Laundry Detergent ,  Trash Bags ,  Dog Food ,  Lotion,  Trash Bags "
Tran3301,"Razors,  Razors"
Tran3302,"Milk ,  Toilet Paper,  Milk "
Tran3304," Milk ,  Laundry Detergent ,  Razors,  Milk "
Tran3305," Razors ,  Dog Food,  Razors "
Tran3306,"Dog Food ,  Razors,  Razors,  Dog Food "
Tran3307,"Milk ,  Toilet Paper ,  Paper Towels ,  Razors,  Milk "
Tran3308,"Milk ,  Toilet Paper ,  Paper Towels ,  Razors,  Milk "
Tran3309,"Milk,  Milk"
Tran3310,"Milk ,  Paper Towels,  Paper Towels"
Tran3311," Lotion,  Lotion"
Tran3314,"Milk,  Milk"
Tran3315,"Milk ,  Paper Towels,  Paper Towels"
Tran3316," Laundry Detergent ,  Dog Food"
Tran3317,"Milk ,  Toilet Paper ,  Paper Towels ,  Razors,  Milk "
Tran3318," Razors ,  Dog Food,  Razors "
Tran3319,"Laundry Detergent ,  Laundry Detergent "
Tran3320,"Lotion ,  Milk,  Lotion "
Tran3321,"Milk ,  Toilet Paper,  Milk "
Tran3322," Laundry Detergent ,  Dog Food,  Laundry Detergent "
Tran3324," Dog Food,  Dog Food"
Tran3325,"Laundry Detergent ,  Trash Bags,  Laundry Detergent "
Tran3326," Razors ,  Dog Food,  Razors "
Tran3327,"Dog Food ,  Trash Bags ,  Trash Bags "
Tran3328,"Paper Towels,  Paper Towels"
Tran3329,"Laundry Detergent ,  Laundry Detergent "
Tran3330,"Milk,  Milk"
Tran3331,"Milk ,  Toilet Paper ,  Paper Towels ,  Razors,  Milk "
Tran3332," Dog Food,  Dog Food"
Tran3333,"Laundry Detergent ,  Trash Bags,  Laundry Detergent "
Tran3334,"Dog Food ,  Razors,  Razors"
Tran3335,"Milk ,  Toilet Paper,  Milk "
Tran3336," Dog Food,  Dog Food"
Tran3337,"Milk,  Milk"
Tran3338," Laundry Detergent ,  Dog Food"
Tran3340,"Dog Food ,  Razors,  Razors"
Tran3341," Lotion,  Lotion"
Tran3342,"Milk ,  Toilet Paper ,  Paper Towels ,  Razors,  Milk "
Tran3343,"Paper Towels,  Paper Towels,  Paper Towels"
Tran3344,"Milk ,  Paper Towels,  Paper Towels"
Tran3345," Razors ,  Dog Food,  Razors "
Tran3347," Dog Food,  Dog Food"
Tran3348," Razors ,  Dog Food,  Razors "
Tran3349,"Laundry Detergent ,  Laundry Detergent "
Tran3351," Razors ,  Dog Food,  Razors "
Tran3352,"Milk,  Milk"
Tran3353,"Dog Food ,  Trash Bags ,  Trash Bags "
Tran3354," Lotion,  Lotion"
Tran3355,"Dog Food ,  Razors,  Razors"
Tran3356," Laundry Detergent ,  Dog Food"
Tran3357,"Dog Food ,  Trash Bags ,  Trash Bags "
Tran3358," Lotion,  Lotion"
Tran3359,"Dog Food ,  Trash Bags ,  Trash Bags "
Tran3360,"Paper Towels,  Paper Towels"
Tran3362," Laundry Detergent ,  Trash Bags ,  Dog Food ,  Lotion,  Trash Bags "
Tran3363,"Dog Food ,  Trash Bags ,  Trash Bags "
Tran3364,"Laundry Detergent ,  Trash Bags,  Laundry Detergent "
Tran3365,"Paper Towels,  Paper Towels"
Tran3366," Razors ,  Dog Food,  Razors "
Tran3367,"Paper Towels,  Paper Towels"
Tran3368,"Dog Food ,  Razors,  Razors"
Tran3369," Dog Food,  Dog Food"
Tran3371,"Razors,  Razors"
Tran3372,"Milk,  Milk,  Milk"
Tran3374,"Milk,  Milk"
Tran3375," Laundry Detergent ,  Trash Bags ,  Dog Food ,  Lotion,  Trash Bags "
Tran3376," Dog Food,  Dog Food"
Tran3377,"Dog Food ,  Razors,  Razors"
Tran3378," Dog Food,  Dog Food"
Tran3379," Laundry Detergent ,  Dog Food"
Tran3380," Razors ,  Dog Food,  Razors "
Tran3381,"Dog Food ,  Trash Bags ,  Trash Bags "
Tran3382,"Laundry Detergent ,  Trash Bags,  Laundry Detergent "
Tran3383," Toilet Paper ,  Trash Bags,  Toilet Paper "
Tran3384,"Lotion ,  Milk,  Lotion "
Tran3385,"Laundry Detergent ,  Laundry Detergent "
Tran3386," Razors ,  Dog Food,  Razors "
Tran3387,"Razors,  Razors"
Tran3388,"Lotion ,  Milk,  Lotion "
Tran3389," Laundry Detergent ,  Dog Food"
Tran3391," Razors ,  Dog Food,  Razors "
Tran3392,"Milk ,  Toilet Paper ,  Paper Towels ,  Razors,  Milk "
Tran3393," Lotion,  Lotion"
Tran3394," Toilet Paper ,  Trash Bags,  Toilet Paper "
Tran3395,"Laundry Detergent ,  Trash Bags,  Laundry Detergent "
Tran3396," Dog Food,  Dog Food"
Tran3397," Laundry Detergent ,  Dog Food"
Tran3398,"Milk ,  Paper Towels,  Paper Towels"
Tran3399,"Milk ,  Paper Towels,  Paper Towels"
Tran3400,"Razors,  Razors"
Tran3401," Milk ,  Laundry Detergent ,  Razors,  Milk "
Tran3402,"Milk,  Milk"
Tran3403," Dog Food,  Dog Food"
Tran3404," Laundry Detergent ,  Trash Bags ,  Dog Food ,  Lotion,  Trash Bags ,  Laundry Detergent "
Tran3405,"Laundry Detergent ,  Laundry Detergent "
Tran3406," Toilet Paper ,  Trash Bags,  Toilet Paper "
Tran3408," Milk ,  Laundry Detergent ,  Razors,  Milk "
Tran3409," Dog Food,  Dog Food"
Tran3410,"Milk,  Milk"
Tran3411,"Milk ,  Toilet Paper,  Milk "
Tran3412," Razors ,  Dog Food,  Razors "
Tran3414," Laundry Detergent ,  Trash Bags ,  Dog Food ,  Lotion,  Trash Bags "
Tran3415," Toilet Paper ,  Trash Bags,  Toilet Paper "
Tran3416," Toilet Paper ,  Trash Bags,  Toilet Paper ,  Toilet Paper "
Tran3417," Lotion,  Lotion"
Tran3418,"Milk ,  Paper Towels,  Paper Towels"
Tran3419," Toilet Paper ,  Trash Bags,  Toilet Paper "
Tran3421,"Milk ,  Paper Towels,  Paper Towels"
Tran3422,"Razors,  Razors"
Tran3423,"Laundry Detergent ,  Trash Bags,  Laundry Detergent "
Tran3425," Lotion,  Lotion"
Tran3426," Toilet Paper ,  Trash Bags,  Toilet Paper "
Tran3427,"Dog Food ,  Trash Bags ,  Trash Bags "
Tran3428,"Dog Food ,  Razors,  Razors"
Tran3429," Laundry Detergent ,  Trash Bags ,  Dog Food ,  Lotion,  Trash Bags "
Tran3430," Milk ,  Laundry Detergent ,  Razors,  Milk "
Tran3431," Laundry Detergent ,  Trash Bags ,  Dog Food ,  Lotion,  Trash Bags "
Tran3432,"Lotion ,  Milk,  Lotion "
Tran3433," Toilet Paper ,  Trash Bags,  Toilet Paper "
Tran3434,"Laundry Detergent ,  Laundry Detergent "
Tran3435,"Milk ,  Paper Towels,  Paper Towels,  Milk "
Tran3436,"Dog Food ,  Trash Bags ,  Trash Bags "
Tran3437,"Milk,  Milk"
Tran3438,"Razors,  Razors"
Tran3439,"Milk,  Milk,  Milk"
Tran3440,"Dog Food ,  Trash Bags ,  Trash Bags "
Tran3442,"Laundry Detergent ,  Trash Bags,  Laundry Detergent "
Tran3443,"Dog Food ,  Razors,  Razors"
Tran3444," Milk ,  Laundry Detergent ,  Razors,  Milk "
Tran3445," Razors ,  Dog Food,  Razors "
Tran3446,"Laundry Detergent ,  Trash Bags,  Laundry Detergent "
Tran3448,"Laundry Detergent ,  Trash Bags,  Laundry Detergent ,  Trash Bags"
Tran3449," Laundry Detergent ,  Dog Food"
Tran3450,"Lotion ,  Milk,  Lotion "
Tran3451,"Paper Towels,  Paper Towels"
Tran3452,"Laundry Detergent ,  Laundry Detergent "
Tran3453,"Milk ,  Paper Towels,  Paper Towels"
Tran3454," Dog Food,  Dog Food"
Tran3456,"Paper Towels,  Paper Towels"
Tran3457,"Milk ,  Paper Towels,  Paper Towels"
Tran3458,"Laundry Detergent ,  Trash Bags,  Laundry Detergent "
Tran3459," Dog Food,  Dog Food"
Tran3460," Dog Food,  Dog Food"
Tran3461," Laundry Detergent ,  Dog Food"
Tran3462," Razors ,  Dog Food,  Razors "
Tran3463," Laundry Detergent ,  Dog Food"
Tran3464,"Laundry Detergent ,  Trash Bags,  Laundry Detergent "
Tran3467,"Milk ,  Paper Towels,  Paper Towels"
Tran3468," Lotion,  Lotion"
Tran3470," Dog Food,  Dog Food"
Tran3471," Toilet Paper ,  Trash Bags,  Toilet Paper "
Tran3472," Toilet Paper ,  Trash Bags,  Toilet Paper "
Tran3473," Lotion,  Lotion"
Tran3474,"Dog Food ,  Razors,  Razors"
Tran3475,"Paper Towels,  Paper Towels"
Tran3476,"Milk ,  Toilet Paper,  Milk "
Tran3477,"Razors,  Razors"
Tran3478," Lotion,  Lotion"
Tran3479," Laundry Detergent ,  Trash Bags ,  Dog Food ,  Lotion,  Trash Bags "
Tran3481," Razors ,  Dog Food,  Razors "
Tran3482," Milk ,  Laundry Detergent ,  Razors,  Milk "
Tran3483,"Lotion ,  Milk,  Lotion "
Tran3484,"Razors,  Razors"
Tran3485," Lotion,  Lotion,  Lotion"
Tran3487,"Milk ,  Toilet Paper ,  Paper Towels ,  Razors,  Milk "
Tran3488," Laundry Detergent ,  Trash Bags ,  Dog Food ,  Lotion,  Trash Bags "
Tran3489," Laundry Detergent ,  Trash Bags ,  Dog Food ,  Lotion,  Trash Bags "
Tran3490," Dog Food,  Dog Food"
Tran3491,"Milk,  Milk"
Tran3492,"Milk ,  Toilet Paper,  Milk "
Tran3494,"Razors,  Razors"
Tran3495," Lotion,  Lotion"
Tran3496," Dog Food,  Dog Food,  Dog Food"
Tran3497,"Laundry Detergent ,  Laundry Detergent "
Tran3498," Razors ,  Dog Food,  Razors "
Tran3499,"Milk,  Milk"
Tran3500,"Laundry Detergent ,  Laundry Detergent "
Tran3501," Milk ,  Laundry Detergent ,  Razors,  Milk ,  Razors"
Tran3502," Laundry Detergent ,  Trash Bags ,  Dog Food ,  Lotion,  Trash Bags "
Tran3503,"Razors,  Razors"
Tran3504,"Laundry Detergent ,  Laundry Detergent "
Tran3505," Milk ,  Laundry Detergent ,  Razors,  Milk "
Tran3506," Dog Food,  Dog Food"
Tran3507," Razors ,  Dog Food,  Razors "
Tran3508,"Dog Food ,  Razors,  Razors"
Tran3509," Milk ,  Laundry Detergent ,  Razors,  Milk "
Tran3510," Laundry Detergent ,  Trash Bags ,  Dog Food ,  Lotion,  Trash Bags "
Tran3511,"Milk ,  Paper Towels,  Paper Towels"
Tran3512,"Razors,  Razors"
Tran3513,"Milk ,  Toilet Paper ,  Paper Towels ,  Razors,  Milk "
Tran3514," Dog Food,  Dog Food"
Tran3516," Dog Food,  Dog Food"
Tran3517,"Razors,  Razors"
Tran3518," Lotion,  Lotion"
Tran3520,"Dog Food ,  Trash Bags ,  Trash Bags "
Tran3521,"Dog Food ,  Trash Bags ,  Trash Bags "
Tran3523," Lotion,  Lotion"
Tran3524," Laundry Detergent ,  Trash Bags ,  Dog Food ,  Lotion,  Trash Bags "
Tran3525,"Dog Food ,  Trash Bags ,  Trash Bags "
Tran3526," Laundry Detergent ,  Dog Food"
Tran3527,"Dog Food ,  Trash Bags ,  Trash Bags "
Tran3528," Laundry Detergent ,  Dog Food"
Tran3530,"Dog Food ,  Razors,  Razors"
Tran3531,"Milk ,  Toilet Paper ,  Paper Towels ,  Razors,  Milk "
Tran3532,"Lotion ,  Milk,  Lotion ,  Lotion "
Tran3533,"Laundry Detergent ,  Trash Bags,  Laundry Detergent "
Tran3534," Laundry Detergent ,  Dog Food"
Tran3536,"Milk ,  Toilet Paper ,  Paper Towels ,  Razors,  Milk "
Tran3537," Milk ,  Laundry Detergent ,  Razors,  Milk "
Tran3538," Laundry Detergent ,  Trash Bags ,  Dog Food ,  Lotion,  Trash Bags "
Tran3539,"Laundry Detergent ,  Laundry Detergent "
Tran3540,"Dog Food ,  Trash Bags ,  Trash Bags "
Tran3541,"Milk,  Milk"
Tran3542," Lotion,  Lotion"
Tran3543,"Milk ,  Toilet Paper ,  Paper Towels ,  Razors,  Milk "
Tran3544," Laundry Detergent ,  Dog Food,  Dog Food"
Tran3545,"Milk ,  Toilet Paper,  Milk "
Tran3546,"Laundry Detergent ,  Trash Bags,  Laundry Detergent "
Tran3547,"Lotion ,  Milk,  Lotion "
Tran3548,"Dog Food ,  Trash Bags ,  Trash Bags "
Tran3549," Lotion,  Lotion"
Tran3550," Toilet Paper ,  Trash Bags,  Toilet Paper "
Tran3551,"Dog Food ,  Razors,  Razors,  Razors"
Tran3552,"Dog Food ,  Razors,  Razors"
Tran3553,"Dog Food ,  Trash Bags ,  Trash Bags "
Tran3554," Milk ,  Laundry Detergent ,  Razors,  Milk "
Tran3555,"Dog Food ,  Razors,  Razors"
Tran3556," Razors ,  Dog Food,  Razors "
Tran3557," Toilet Paper ,  Trash Bags,  Toilet Paper "
Tran3559," Milk ,  Laundry Detergent ,  Razors,  Milk "
Tran3560,"Milk ,  Paper Towels,  Paper Towels"
Tran3561,"Dog Food ,  Razors,  Razors"
Tran3562," Razors ,  Dog Food,  Razors "
Tran3563,"Dog Food ,  Trash Bags ,  Trash Bags "
Tran3564,"Milk,  Milk"
Tran3565," Toilet Paper ,  Trash Bags,  Toilet Paper "
Tran3566,"Milk ,  Toilet Paper,  Milk "
Tran3567,"Milk ,  Toilet Paper,  Milk "
Tran3568," Laundry Detergent ,  Trash Bags ,  Dog Food ,  Lotion,  Trash Bags "
Tran3570,"Razors,  Razors"
Tran3571,"Milk ,  Toilet Paper,  Milk "
Tran3572," Razors ,  Dog Food,  Razors "
Tran3573,"Dog Food ,  Razors,  Razors"
Tran3574," Toilet Paper ,  Trash Bags,  Toilet Paper "
Tran3575," Lotion,  Lotion,  Lotion"
Tran3576," Milk ,  Laundry Detergent ,  Razors,  Milk "
Tran3578,"Milk ,  Toilet Paper ,  Paper Towels ,  Razors,  Milk "
Tran3579,"Laundry Detergent ,  Trash Bags,  Laundry Detergent "
Tran3580,"Laundry Detergent ,  Laundry Detergent "
Tran3581,"Paper Towels,  Paper Towels"
Tran3582,"Razors,  Razors"
Tran3583,"Razors,  Razors"
Tran3584,"Dog Food ,  Trash Bags ,  Trash Bags "
Tran3585," Laundry Detergent ,  Trash Bags ,  Dog Food ,  Lotion,  Trash Bags "
Tran3587,"Paper Towels,  Paper Towels"
Tran3588,"Milk ,  Toilet Paper ,  Paper Towels ,  Razors,  Milk "
Tran3589,"Laundry Detergent ,  Laundry Detergent "
Tran3590," Toilet Paper ,  Trash Bags,  Toilet Paper "
Tran3591,"Milk ,  Paper Towels,  Paper Towels"
Tran3592," Razors ,  Dog Food,  Razors "
Tran3593," Razors ,  Dog Food,  Razors "
Tran3594," Dog Food,  Dog Food"
Tran3595,"Milk ,  Toilet Paper,  Milk "
Tran3596," Laundry Detergent ,  Dog Food"
Tran3597,"Milk ,  Toilet Paper,  Milk "
Tran3598," Milk ,  Laundry Detergent ,  Razors,  Milk "
Tran3599," Laundry Detergent ,  Trash Bags ,  Dog Food ,  Lotion,  Trash Bags "
Tran3600," Razors ,  Dog Food,  Razors "
Tran3601,"Dog Food ,  Trash Bags ,  Trash Bags "
Tran3602,"Laundry Detergent ,  Trash Bags,  Laundry Detergent "
Tran3603,"Milk,  Milk"
Tran3604,"Milk ,  Paper Towels,  Paper Towels"
Tran3605,"Milk ,  Toilet Paper,  Milk "
Tran3606,"Milk ,  Toilet Paper ,  Paper Towels ,  Razors,  Milk "
Tran3607,"Milk ,  Paper Towels,  Paper Towels"
Tran3608,"Milk ,  Paper Towels,  Paper Towels"
Tran3609," Toilet Paper ,  Trash Bags,  Toilet Paper ,  Toilet Paper "
Tran3610," Milk ,  Laundry Detergent ,  Razors,  Milk "
Tran3611," Toilet Paper ,  Trash Bags,  Toilet Paper "
Tran3612," Milk ,  Laundry Detergent ,  Razors,  Milk "
Tran3613,"Milk,  Milk"
Tran3614," Laundry Detergent ,  Dog Food"
Tran3615," Milk ,  Laundry Detergent ,  Razors,  Milk "
Tran3616,"Milk ,  Paper Towels,  Paper Towels"
Tran3617,"Lotion ,  Milk,  Lotion "
Tran3618," Laundry Detergent ,  Dog Food"
Tran3619,"Razors,  Razors"
Tran3620," Toilet Paper ,  Trash Bags,  Toilet Paper "
Tran3621,"Lotion ,  Milk,  Lotion "
Tran3622,"Milk ,  Toilet Paper,  Milk "
Tran3624,"Dog Food ,  Trash Bags ,  Trash Bags "
Tran3625,"Milk ,  Toilet Paper,  Milk ,  Milk "
Tran3626,"Laundry Detergent ,  Laundry Detergent "
Tran3627,"Milk ,  Paper Towels,  Paper Towels"
Tran3628," Laundry Detergent ,  Dog Food"
Tran3629,"Lotion ,  Milk,  Lotion "
Tran3630," Lotion,  Lotion"
Tran3631,"Dog Food ,  Trash Bags ,  Trash Bags "
Tran3632," Toilet Paper ,  Trash Bags,  Toilet Paper "
Tran3633," Laundry Detergent ,  Trash Bags ,  Dog Food ,  Lotion,  Trash Bags "
Tran3634,"Milk ,  Toilet Paper ,  Paper Towels ,  Razors,  Milk "
Tran3635," Milk ,  Laundry Detergent ,  Razors,  Milk "
Tran3636,"Paper Towels,  Paper Towels"
Tran3637,"Milk ,  Paper Towels,  Paper Towels,  Milk "
Tran3638,"Dog Food ,  Razors,  Razors"
Tran3640,"Milk ,  Paper Towels,  Paper Towels"
Tran3641," Dog Food,  Dog Food"
Tran3642,"Laundry Detergent ,  Trash Bags,  Laundry Detergent "
Tran3643,"Milk ,  Toilet Paper,  Milk "
Tran3644,"Milk ,  Toilet Paper,  Milk "
Tran3645,"Lotion ,  Milk,  Lotion "
Tran3646,"Laundry Detergent ,  Laundry Detergent "
Tran3647," Laundry Detergent ,  Trash Bags ,  Dog Food ,  Lotion,  Trash Bags "
Tran3648," Toilet Paper ,  Trash Bags,  Toilet Paper "
Tran3649,"Milk ,  Paper Towels,  Paper Towels"
Tran3650," Dog Food,  Dog Food"
Tran3651," Laundry Detergent ,  Trash Bags ,  Dog Food ,  Lotion,  Trash Bags "
Tran3653," Milk ,  Laundry Detergent ,  Razors,  Milk "
Tran3654,"Dog Food ,  Trash Bags ,  Trash Bags "
Tran3655,"Laundry Detergent ,  Trash Bags,  Laundry Detergent "
Tran3656,"Milk,  Milk"
Tran3657,"Milk ,  Toilet Paper ,  Paper Towels ,  Razors,  Milk "
Tran3658,"Milk,  Milk"
Tran3659," Laundry Detergent ,  Dog Food"
Tran3660," Lotion,  Lotion"
Tran3661,"Laundry Detergent ,  Trash Bags,  Laundry Detergent "
Tran3662,"Dog Food ,  Razors,  Razors"
Tran3663," Razors ,  Dog Food,  Razors "
Tran3664,"Paper Towels,  Paper Towels"
Tran3665," Razors ,  Dog Food,  Razors "
Tran3666," Lotion,  Lotion"
Tran3667,"Milk ,  Toilet Paper,  Milk "
Tran3668,"Milk ,  Toilet Paper ,  Paper Towels ,  Razors,  Milk "
Tran3669,"Milk ,  Paper Towels,  Paper Towels"
Tran3670,"Dog Food ,  Razors,  Razors"
Tran3671,"Milk ,  Toilet Paper ,  Paper Towels ,  Razors,  Milk "
Tran3672,"Razors,  Razors"
Tran3673," Milk ,  Laundry Detergent ,  Razors,  Milk "
Tran3674," Toilet Paper ,  Trash Bags,  Toilet Paper "
Tran3675," Laundry Detergent ,  Dog Food"
Tran3676,"Milk,  Milk"
Tran3677," Laundry Detergent ,  Trash Bags ,  Dog Food ,  Lotion,  Trash Bags "
Tran3678,"Dog Food ,  Razors,  Razors"
Tran3679,"Milk ,  Toilet Paper,  Milk "
Tran3680," Toilet Paper ,  Trash Bags,  Toilet Paper "
Tran3682,"Paper Towels,  Paper Towels"
Tran3683,"Laundry Detergent ,  Trash Bags,  Laundry Detergent "
Tran3684,"Milk ,  Toilet Paper ,  Paper Towels ,  Razors,  Milk "
Tran3685,"Laundry Detergent ,  Trash Bags,  Laundry Detergent "
Tran3686,"Lotion ,  Milk,  Lotion ,  Milk"
Tran3687,"Milk ,  Toilet Paper,  Milk ,  Toilet Paper"
Tran3688," Laundry Detergent ,  Trash Bags ,  Dog Food ,  Lotion,  Trash Bags "
Tran3689," Milk ,  Laundry Detergent ,  Razors,  Milk "
Tran3690," Laundry Detergent ,  Dog Food,  Dog Food"
Tran3691,"Laundry Detergent ,  Laundry Detergent "
Tran3692,"Milk ,  Toilet Paper,  Milk "
Tran3693," Laundry Detergent ,  Trash Bags ,  Dog Food ,  Lotion,  Trash Bags "
Tran3694,"Milk ,  Paper Towels,  Paper Towels"
Tran3697," Milk ,  Laundry Detergent ,  Razors,  Milk "
Tran3698,"Milk,  Milk,  Milk"
Tran3699,"Laundry Detergent ,  Trash Bags,  Laundry Detergent "
Tran3700,"Dog Food ,  Razors,  Razors"
Tran3701,"Paper Towels,  Paper Towels"
Tran3702,"Dog Food ,  Trash Bags ,  Trash Bags "
Tran3703,"Dog Food ,  Razors,  Razors"
Tran3704,"Razors,  Razors"
Tran3706,"Laundry Detergent ,  Laundry Detergent "
Tran3708,"Dog Food ,  Razors,  Razors"
Tran3709," Milk ,  Laundry Detergent ,  Razors,  Milk "
Tran3710," Razors ,  Dog Food,  Razors "
Tran3711,"Laundry Detergent ,  Laundry Detergent "
Tran3712," Lotion,  Lotion"
Tran3713,"Laundry Detergent ,  Trash Bags,  Laundry Detergent "
Tran3715,"Milk ,  Toilet Paper,  Milk "
Tran3716," Laundry Detergent ,  Trash Bags ,  Dog Food ,  Lotion,  Trash Bags "
Tran3717," Toilet Paper ,  Trash Bags,  Toilet Paper "
Tran3718," Laundry Detergent ,  Trash Bags ,  Dog Food ,  Lotion,  Trash Bags "
Tran3719,"Milk ,  Toilet Paper,  Milk "
Tran3721,"Milk ,  Toilet Paper ,  Paper Towels ,  Razors,  Milk "
Tran3722,"Lotion ,  Milk,  Lotion "
Tran3723," Laundry Detergent ,  Trash Bags ,  Dog Food ,  Lotion,  Trash Bags ,  Trash Bags "
Tran3725,"Milk ,  Toilet Paper ,  Paper Towels ,  Razors,  Milk "
Tran3727,"Milk ,  Toilet Paper ,  Paper Towels ,  Razors,  Milk "
Tran3729," Laundry Detergent ,  Trash Bags ,  Dog Food ,  Lotion,  Trash Bags "
Tran3730,"Milk ,  Toilet Paper,  Milk "
Tran3731," Laundry Detergent ,  Dog Food"
Tran3732," Toilet Paper ,  Trash Bags,  Toilet Paper "
Tran3733," Laundry Detergent ,  Dog Food"
Tran3734,"Dog Food ,  Razors,  Razors"
Tran3735,"Milk ,  Toilet Paper ,  Paper Towels ,  Razors,  Milk "
Tran3736," Lotion,  Lotion"
Tran3737,"Milk ,  Toilet Paper,  Milk "
Tran3738,"Laundry Detergent ,  Laundry Detergent ,  Laundry Detergent "
Tran3739,"Paper Towels,  Paper Towels"
Tran3740,"Milk ,  Paper Towels,  Paper Towels"
Tran3741,"Milk ,  Toilet Paper,  Milk "
Tran3742,"Laundry Detergent ,  Laundry Detergent "
Tran3743,"Lotion ,  Milk,  Lotion "
Tran3744,"Milk ,  Paper Towels,  Paper Towels"
Tran3745," Toilet Paper ,  Trash Bags,  Toilet Paper ,  Toilet Paper "
Tran3746," Toilet Paper ,  Trash Bags,  Toilet Paper "
Tran3747,"Dog Food ,  Trash Bags ,  Trash Bags "
Tran3748,"Laundry Detergent ,  Trash Bags,  Laundry Detergent "
Tran3749," Laundry Detergent ,  Trash Bags ,  Dog Food ,  Lotion,  Trash Bags "
Tran3750," Lotion,  Lotion"
Tran3751," Laundry Detergent ,  Trash Bags ,  Dog Food ,  Lotion,  Trash Bags "
Tran3752,"Lotion ,  Milk,  Lotion ,  Milk"
Tran3753," Laundry Detergent ,  Trash Bags ,  Dog Food ,  Lotion,  Trash Bags "
Tran3755," Laundry Detergent ,  Dog Food"
Tran3756,"Milk ,  Toilet Paper,  Milk "
Tran3757," Milk ,  Laundry Detergent ,  Razors,  Milk "
Tran3758," Dog Food,  Dog Food"
Tran3759,"Lotion ,  Milk,  Lotion "
Tran3760,"Milk,  Milk"
Tran3761," Lotion,  Lotion"
Tran3762,"Dog Food ,  Trash Bags ,  Trash Bags ,  Trash Bags "
Tran3764,"Laundry Detergent ,  Trash Bags,  Laundry Detergent "
Tran3766,"Laundry Detergent ,  Trash Bags,  Laundry Detergent ,  Trash Bags"
Tran3767,"Laundry Detergent ,  Trash Bags,  Laundry Detergent "
Tran3768,"Milk ,  Toilet Paper,  Milk "
Tran3769,"Milk,  Milk"
Tran3770," Lotion,  Lotion"
Tran3771,"Milk ,  Paper Towels,  Paper Towels"
Tran3773,"Milk ,  Toilet Paper ,  Paper Towels ,  Razors,  Milk "
Tran3774,"Dog Food ,  Trash Bags ,  Trash Bags "
Tran3776," Toilet Paper ,  Trash Bags,  Toilet Paper "
Tran3777," Lotion,  Lotion"
Tran3778," Razors ,  Dog Food,  Razors "
Tran3779,"Dog Food ,  Trash Bags ,  Trash Bags "
Tran3781,"Dog Food ,  Razors,  Razors"
Tran3782,"Milk ,  Paper Towels,  Paper Towels"
Tran3783,"Laundry Detergent ,  Laundry Detergent "
Tran3784,"Lotion ,  Milk,  Lotion "
Tran3785,"Dog Food ,  Razors,  Razors"
Tran3786," Milk ,  Laundry Detergent ,  Razors,  Milk "
Tran3787," Laundry Detergent ,  Dog Food,  Laundry Detergent "
Tran3788,"Dog Food ,  Razors,  Razors"
Tran3789," Dog Food,  Dog Food"
Tran3790,"Dog Food ,  Razors,  Razors"
Tran3791,"Milk ,  Paper Towels,  Paper Towels"
Tran3792,"Lotion ,  Milk,  Lotion "
Tran3793,"Laundry Detergent ,  Laundry Detergent "
Tran3794,"Milk ,  Toilet Paper,  Milk "
Tran3795,"Dog Food ,  Trash Bags ,  Trash Bags "
Tran3796," Lotion,  Lotion"
Tran3797,"Razors,  Razors"
Tran3798,"Milk,  Milk"
Tran3799,"Milk,  Milk"
Tran3800," Dog Food,  Dog Food"
Tran3801," Milk ,  Laundry Detergent ,  Razors,  Milk "
Tran3802," Razors ,  Dog Food,  Razors "
Tran3804,"Dog Food ,  Trash Bags ,  Trash Bags "
Tran3805,"Dog Food ,  Trash Bags ,  Trash Bags "
Tran3806,"Dog Food ,  Trash Bags ,  Trash Bags "
Tran3807,"Lotion ,  Milk,  Lotion "
Tran3808,"Razors,  Razors"
Tran3809,"Milk ,  Toilet Paper ,  Paper Towels ,  Razors,  Milk "
Tran3810,"Laundry Detergent ,  Laundry Detergent "
Tran3811,"Milk ,  Toilet Paper,  Milk "
Tran3812,"Laundry Detergent ,  Laundry Detergent ,  Laundry Detergent "
Tran3813,"Milk ,  Toilet Paper ,  Paper Towels ,  Razors,  Milk "
Tran3814,"Milk,  Milk"
Tran3815,"Milk ,  Toilet Paper ,  Paper Towels ,  Razors,  Milk "
Tran3817,"Laundry Detergent ,  Trash Bags,  Laundry Detergent "
Tran3818,"Dog Food ,  Trash Bags ,  Trash Bags "
Tran3819,"Milk,  Milk"
Tran3820," Milk ,  Laundry Detergent ,  Razors,  Milk "
Tran3821,"Razors,  Razors"
Tran3822,"Laundry Detergent ,  Laundry Detergent "
Tran3823,"Dog Food ,  Razors,  Razors"
Tran3824,"Razors,  Razors"
Tran3825,"Razors,  Razors"
Tran3826," Laundry Detergent ,  Dog Food"
Tran3828,"Milk ,  Toilet Paper ,  Paper Towels ,  Razors,  Milk "
Tran3829,"Lotion ,  Milk,  Lotion "
Tran3830,"Dog Food ,  Trash Bags ,  Trash Bags "
Tran3831,"Milk ,  Toilet Paper,  Milk "
Tran3832,"Laundry Detergent ,  Laundry Detergent "
Tran3833," Toilet Paper ,  Trash Bags,  Toilet Paper ,  Toilet Paper "
Tran3834,"Lotion ,  Milk,  Lotion "
Tran3835," Dog Food,  Dog Food"
Tran3836," Milk ,  Laundry Detergent ,  Razors,  Milk "
Tran3837,"Milk ,  Toilet Paper ,  Paper Towels ,  Razors,  Milk "
Tran3839,"Laundry Detergent ,  Trash Bags,  Laundry Detergent ,  Trash Bags"
Tran3840,"Dog Food ,  Razors,  Razors"
Tran3841,"Dog Food ,  Razors,  Razors"
Tran3842,"Milk ,  Toilet Paper,  Milk ,  Toilet Paper"
Tran3843," Toilet Paper ,  Trash Bags,  Toilet Paper "
Tran3844,"Milk ,  Toilet Paper,  Milk "
Tran3845," Razors ,  Dog Food,  Razors "
Tran3846,"Laundry Detergent ,  Laundry Detergent "
Tran3847,"Lotion ,  Milk,  Lotion "
Tran3848," Dog Food,  Dog Food"
Tran3850,"Milk ,  Toilet Paper,  Milk "
Tran3851,"Lotion ,  Milk,  Lotion "
Tran3852,"Dog Food ,  Trash Bags ,  Trash Bags "
Tran3853,"Milk,  Milk"
Tran3854," Razors ,  Dog Food,  Razors "
Tran3855,"Dog Food ,  Razors,  Razors"
Tran3856,"Dog Food ,  Razors,  Razors"
Tran3857,"Laundry Detergent ,  Laundry Detergent "
Tran3858," Dog Food,  Dog Food"
Tran3860," Lotion,  Lotion"
Tran3861,"Paper Towels,  Paper Towels"
Tran3863,"Paper Towels,  Paper Towels"
Tran3864,"Paper Towels,  Paper Towels"
Tran3865," Laundry Detergent ,  Dog Food"
Tran3866,"Lotion ,  Milk,  Lotion "
Tran3867," Laundry Detergent ,  Trash Bags ,  Dog Food ,  Lotion,  Trash Bags "
Tran3868,"Laundry Detergent ,  Laundry Detergent "
Tran3869,"Milk ,  Toilet Paper ,  Paper Towels ,  Razors,  Milk ,  Toilet Paper "
Tran3870," Laundry Detergent ,  Dog Food"
Tran3871,"Dog Food ,  Trash Bags ,  Trash Bags "
Tran3872," Laundry Detergent ,  Dog Food"
Tran3873,"Milk,  Milk"
Tran3874,"Lotion ,  Milk,  Lotion "
Tran3875,"Milk ,  Toilet Paper,  Milk "
Tran3876,"Dog Food ,  Razors,  Razors"
Tran3877,"Paper Towels,  Paper Towels"
Tran3878," Laundry Detergent ,  Trash Bags ,  Dog Food ,  Lotion,  Trash Bags "
Tran3879," Dog Food,  Dog Food"
Tran3880," Razors ,  Dog Food,  Razors "
Tran3881," Razors ,  Dog Food,  Razors "
Tran3882," Milk ,  Laundry Detergent ,  Razors,  Milk "
Tran3883,"Milk ,  Toilet Paper ,  Paper Towels ,  Razors,  Milk "
Tran3884,"Dog Food ,  Trash Bags ,  Trash Bags "
Tran3885," Toilet Paper ,  Trash Bags,  Toilet Paper "
Tran3886,"Dog Food ,  Trash Bags ,  Trash Bags "
Tran3888,"Milk ,  Paper Towels,  Paper Towels"
Tran3889," Dog Food,  Dog Food"
Tran3891," Milk ,  Laundry Detergent ,  Razors,  Milk "
Tran3893,"Dog Food ,  Razors,  Razors"
Tran3894,"Laundry Detergent ,  Laundry Detergent "
Tran3895,"Milk ,  Paper Towels,  Paper Towels"
Tran3896,"Milk ,  Toilet Paper ,  Paper Towels ,  Razors,  Milk "
Tran3897," Razors ,  Dog Food,  Razors "
Tran3898,"Lotion ,  Milk,  Lotion "
Tran3899," Dog Food,  Dog Food"
Tran3900,"Dog Food ,  Trash Bags ,  Trash Bags "
Tran3901,"Milk ,  Toilet Paper,  Milk "
Tran3902,"Paper Towels,  Paper Towels"
Tran3903,"Milk ,  Toilet Paper,  Milk "
Tran3904,"Milk ,  Toilet Paper ,  Paper Towels ,  Razors,  Milk ,  Razors"
Tran3905,"Razors,  Razors"
Tran3906,"Milk ,  Paper Towels,  Paper Towels"
Tran3907,"Laundry Detergent ,  Trash Bags,  Laundry Detergent "
Tran3908,"Milk,  Milk"
Tran3909," Razors ,  Dog Food,  Razors "
Tran3910,"Razors,  Razors,  Razors"
Tran3911,"Milk ,  Paper Towels,  Paper Towels"
Tran3912," Razors ,  Dog Food,  Razors "
Tran3914,"Paper Towels,  Paper Towels"
Tran3915," Milk ,  Laundry Detergent ,  Razors,  Milk "
Tran3916," Razors ,  Dog Food,  Razors "
Tran3917,"Milk,  Milk"
Tran3920,"Lotion ,  Milk,  Lotion "
Tran3921," Toilet Paper ,  Trash Bags,  Toilet Paper "
Tran3922,"Dog Food ,  Razors,  Razors"
Tran3923,"Milk,  Milk"
Tran3924,"Milk,  Milk,  Milk"
Tran3926,"Dog Food ,  Trash Bags ,  Trash Bags "
Tran3927," Razors ,  Dog Food,  Razors "
Tran3928,"Milk ,  Paper Towels,  Paper Towels"
Tran3930," Lotion,  Lotion"
Tran3932,"Razors,  Razors"
Tran3933,"Paper Towels,  Paper Towels"
Tran3934," Lotion,  Lotion"
Tran3937," Dog Food,  Dog Food"
Tran3938," Dog Food,  Dog Food"
Tran3939,"Milk ,  Toilet Paper,  Milk "
Tran3940," Milk ,  Laundry Detergent ,  Razors,  Milk "
Tran3941," Milk ,  Laundry Detergent ,  Razors,  Milk "
Tran3942," Razors ,  Dog Food,  Razors "
Tran3943,"Dog Food ,  Trash Bags ,  Trash Bags "
Tran3944,"Razors,  Razors"
Tran3945,"Lotion ,  Milk,  Lotion "
Tran3946,"Razors,  Razors"
Tran3947,"Razors,  Razors"
Tran3948," Toilet Paper ,  Trash Bags,  Toilet Paper "
Tran3949,"Paper Towels,  Paper Towels"
Tran3950," Laundry Detergent ,  Dog Food"
Tran3951,"Paper Towels,  Paper Towels"
Tran3952," Laundry Detergent ,  Trash Bags ,  Dog Food ,  Lotion,  Trash Bags "
Tran3953,"Milk,  Milk"
Tran3954,"Paper Towels,  Paper Towels"
Tran3955," Milk ,  Laundry Detergent ,  Razors,  Milk "
Tran3956," Razors ,  Dog Food,  Razors "
Tran3957,"Milk ,  Toilet Paper,  Milk "
Tran3958,"Dog Food ,  Razors,  Razors"
Tran3959,"Razors,  Razors"
Tran3960,"Laundry Detergent ,  Laundry Detergent "
Tran3961," Lotion,  Lotion"
Tran3962," Milk ,  Laundry Detergent ,  Razors,  Milk "
Tran3963," Laundry Detergent ,  Trash Bags ,  Dog Food ,  Lotion,  Trash Bags "
Tran3964,"Milk ,  Paper Towels,  Paper Towels"
Tran3965," Laundry Detergent ,  Dog Food"
Tran3966,"Lotion ,  Milk,  Lotion "
Tran3967,"Milk ,  Toilet Paper ,  Paper Towels ,  Razors,  Milk "
Tran3968,"Milk ,  Paper Towels,  Paper Towels"
Tran3969," Milk ,  Laundry Detergent ,  Razors,  Milk "
Tran3970," Milk ,  Laundry Detergent ,  Razors,  Milk "
Tran3971," Lotion,  Lotion"
Tran3972,"Milk ,  Paper Towels,  Paper Towels"
Tran3974," Laundry Detergent ,  Trash Bags ,  Dog Food ,  Lotion,  Trash Bags "
Tran3975,"Dog Food ,  Trash Bags ,  Trash Bags "
Tran3976,"Dog Food ,  Trash Bags ,  Trash Bags "
Tran3977,"Razors,  Razors"
Tran3978,"Dog Food ,  Razors,  Razors"
Tran3979,"Milk ,  Toilet Paper ,  Paper Towels ,  Razors,  Milk "
Tran3980,"Laundry Detergent ,  Trash Bags,  Laundry Detergent "
Tran3981,"Milk ,  Paper Towels,  Paper Towels"
Tran3982," Laundry Detergent ,  Trash Bags ,  Dog Food ,  Lotion,  Trash Bags "
Tran3983," Laundry Detergent ,  Trash Bags ,  Dog Food ,  Lotion,  Trash Bags "
Tran3984," Razors ,  Dog Food,  Razors "
Tran3985,"Paper Towels,  Paper Towels"
Tran3986,"Milk,  Milk"
Tran3987,"Paper Towels,  Paper Towels"
Tran3989," Dog Food,  Dog Food"
Tran3990,"Laundry Detergent ,  Trash Bags,  Laundry Detergent "
Tran3992,"Lotion ,  Milk,  Lotion "
Tran3993,"Milk ,  Toilet Paper,  Milk "
Tran3994,"Milk ,  Toilet Paper ,  Paper Towels ,  Razors,  Milk "
Tran3995," Razors ,  Dog Food,  Razors "
Tran3996," Lotion,  Lotion"
Tran3997,"Lotion ,  Milk,  Lotion "
Tran3998,"Milk ,  Toilet Paper ,  Paper Towels ,  Razors,  Milk "
Tran3999,"Paper Towels,  Paper Towels"
Tran4000,"Milk,  Milk"
Tran4001," Lotion,  Lotion"
Tran4002," Milk ,  Laundry Detergent ,  Razors,  Milk "
Tran4003," Lotion,  Lotion"
Tran4004,"Milk ,  Paper Towels,  Paper Towels"
Tran4005,"Milk ,  Paper Towels,  Paper Towels"
Tran4006,"Razors,  Razors"
Tran4007," Laundry Detergent ,  Dog Food"
Tran4008,"Dog Food ,  Razors,  Razors"
Tran4009,"Paper Towels,  Paper Towels"
Tran4010," Toilet Paper ,  Trash Bags,  Toilet Paper "
Tran4011," Lotion,  Lotion"
Tran4012,"Dog Food ,  Trash Bags ,  Trash Bags "
Tran4013,"Lotion ,  Milk,  Lotion ,  Lotion "
Tran4014,"Milk ,  Toilet Paper ,  Paper Towels ,  Razors,  Milk "
Tran4015," Razors ,  Dog Food,  Razors ,  Razors "
Tran4016,"Laundry Detergent ,  Trash Bags,  Laundry Detergent "
Tran4017,"Milk ,  Paper Towels,  Paper Towels"
Tran4018," Razors ,  Dog Food,  Razors "
Tran4019,"Dog Food ,  Trash Bags ,  Trash Bags "
Tran4020," Razors ,  Dog Food,  Razors "
Tran3021,"Razors,  Razors"
Tran3022,"Milk ,  Toilet Paper,  Milk "
Tran3023," Toilet Paper ,  Trash Bags,  Toilet Paper "
Tran3024," Lotion,  Lotion"
Tran3025," Laundry Detergent ,  Trash Bags ,  Dog Food ,  Lotion,  Trash Bags "
Tran3026,"Milk ,  Toilet Paper,  Milk "
Tran3027,"Milk,  Milk"
Tran3028,"Milk,  Milk"
Tran3029," Laundry Detergent ,  Trash Bags ,  Dog Food ,  Lotion,  Trash Bags "
Tran3030,"Laundry Detergent ,  Laundry Detergent "
Tran3031,"Milk ,  Paper Towels,  Paper Towels"
Tran3032,"Milk ,  Toilet Paper,  Milk "
Tran3034,"Paper Towels,  Paper Towels"
Tran3035," Dog Food,  Dog Food"
Tran3036," Lotion,  Lotion,  Lotion"
Tran3037," Toilet Paper ,  Trash Bags,  Toilet Paper "
Tran3038,"Milk,  Milk"
Tran3039,"Paper Towels,  Paper Towels"
Tran3040,"Dog Food ,  Trash Bags ,  Trash Bags "
Tran3041,"Laundry Detergent ,  Trash Bags,  Laundry Detergent "
Tran3042," Toilet Paper ,  Trash Bags,  Toilet Paper "
Tran3043,"Razors,  Razors"
Tran3044," Laundry Detergent ,  Dog Food"
Tran3045,"Razors,  Razors,  Razors"
Tran3046,"Laundry Detergent ,  Laundry Detergent "
Tran3047,"Milk ,  Toilet Paper,  Milk "
Tran3048," Dog Food,  Dog Food"
Tran3049,"Milk ,  Toilet Paper ,  Paper Towels ,  Razors,  Milk "
Tran3050,"Paper Towels,  Paper Towels"
Tran3051," Dog Food,  Dog Food"
Tran3052," Laundry Detergent ,  Dog Food"
Tran3053," Laundry Detergent ,  Trash Bags ,  Dog Food ,  Lotion,  Trash Bags "
Tran3054,"Milk ,  Toilet Paper,  Milk "
Tran3055,"Paper Towels,  Paper Towels"
Tran3056," Dog Food,  Dog Food"
Tran3057,"Paper Towels,  Paper Towels"
Tran3058,"Milk ,  Toilet Paper,  Milk "
Tran3059," Laundry Detergent ,  Dog Food"
Tran3060,"Paper Towels,  Paper Towels"
Tran3061,"Milk,  Milk"
Tran3062,"Milk ,  Toilet Paper,  Milk "
Tran3063," Dog Food,  Dog Food,  Dog Food"
Tran3064," Laundry Detergent ,  Trash Bags ,  Dog Food ,  Lotion,  Trash Bags "
Tran3065," Dog Food,  Dog Food"
Tran3066,"Paper Towels,  Paper Towels"
Tran3067,"Razors,  Razors"
Tran3068," Dog Food,  Dog Food"
Tran3070," Laundry Detergent ,  Dog Food"
Tran3071," Toilet Paper ,  Trash Bags,  Toilet Paper "
Tran3072," Laundry Detergent ,  Dog Food"
Tran3073,"Lotion ,  Milk,  Lotion "
Tran3074," Dog Food,  Dog Food"
Tran3075,"Lotion ,  Milk,  Lotion "
Tran3076,"Milk ,  Paper Towels,  Paper Towels"
Tran3077," Laundry Detergent ,  Trash Bags ,  Dog Food ,  Lotion,  Trash Bags "
Tran3078,"Paper Towels,  Paper Towels"
Tran3080,"Milk ,  Toilet Paper ,  Paper Towels ,  Razors,  Milk "
Tran3081,"Milk ,  Toilet Paper ,  Paper Towels ,  Razors,  Milk "
Tran3082,"Milk ,  Toilet Paper,  Milk ,  Milk "
Tran3083," Milk ,  Laundry Detergent ,  Razors,  Milk "
Tran3084,"Dog Food ,  Razors,  Razors"
Tran3085," Lotion,  Lotion"
Tran3086," Dog Food,  Dog Food"
Tran3088,"Laundry Detergent ,  Laundry Detergent ,  Laundry Detergent "
Tran3089," Laundry Detergent ,  Trash Bags ,  Dog Food ,  Lotion,  Trash Bags "
Tran3090," Toilet Paper ,  Trash Bags,  Toilet Paper "
Tran3091," Toilet Paper ,  Trash Bags,  Toilet Paper ,  Toilet Paper "
Tran3092," Lotion,  Lotion"
Tran3093,"Lotion ,  Milk,  Lotion ,  Milk"
Tran3094,"Milk,  Milk"
Tran3095,"Dog Food ,  Razors,  Razors"
Tran3096,"Milk ,  Paper Towels,  Paper Towels"
Tran3097," Toilet Paper ,  Trash Bags,  Toilet Paper "
Tran3098,"Milk ,  Paper Towels,  Paper Towels"
Tran3099,"Milk ,  Toilet Paper,  Milk "
Tran3100,"Laundry Detergent ,  Trash Bags,  Laundry Detergent "
Tran3101," Lotion,  Lotion"
Tran3102," Dog Food,  Dog Food,  Dog Food"
Tran3103,"Milk ,  Paper Towels,  Paper Towels"
Tran3104,"Razors,  Razors"
Tran3105," Laundry Detergent ,  Dog Food"
Tran3107,"Milk,  Milk"
Tran3108,"Milk ,  Toilet Paper,  Milk "
Tran3109," Dog Food,  Dog Food"
Tran3110," Toilet Paper ,  Trash Bags,  Toilet Paper "
Tran3111,"Dog Food ,  Trash Bags ,  Trash Bags "
Tran3112," Milk ,  Laundry Detergent ,  Razors,  Milk "
Tran3113,"Milk,  Milk"
Tran3114," Milk ,  Laundry Detergent ,  Razors,  Milk "
Tran3115," Laundry Detergent ,  Trash Bags ,  Dog Food ,  Lotion,  Trash Bags "
Tran3116,"Milk ,  Toilet Paper ,  Paper Towels ,  Razors,  Milk "
Tran3117,"Lotion ,  Milk,  Lotion "
Tran3118,"Milk,  Milk"
Tran3119,"Paper Towels,  Paper Towels"
Tran3120,"Laundry Detergent ,  Laundry Detergent "
Tran3121,"Milk ,  Paper Towels,  Paper Towels"
Tran3123," Razors ,  Dog Food,  Razors ,  Razors "
